company_clean,connection_count,recruiter_count,talent_count,hiring_manager_count,data_leader_count,data_peer_count,avg_priority_score,top_persona,top_area,strategic_potential,suggested_market,suggested_confidence,suggested_reason,manual_market,manual_category,manual_notes
Infoplus Technologies UK Limited,2,1,1,0,0,0,80.5,Recruiter,Recruiting,46.0,EUROPE,HIGH,company name contains geographic keyword: 'uk',,,
ConfigUSA,1,1,0,0,0,0,84.0,Recruiter,Recruiting,45.1,US_CANADA_NEARSHORE,HIGH,company name contains geographic keyword: 'usa',,,
CINTE Colombia,1,0,1,0,0,0,80.0,Talent Acquisition,Recruiting,42.6,LATAM_USD,HIGH,company name contains geographic keyword: 'colombia',,,
METRICA Chile,1,1,0,0,0,0,78.0,Recruiter,Recruiting,42.1,LATAM_USD,HIGH,company name contains geographic keyword: 'chile',,,
Adentis Portugal,1,1,0,0,0,0,77.0,Recruiter,Recruiting,41.6,EUROPE,HIGH,company name contains geographic keyword: 'portugal',,,
Gensler Latinoamérica,1,0,1,0,0,0,76.0,Talent Acquisition,Recruiting,40.6,LATAM_USD,HIGH,company name contains geographic keyword: 'latin',,,
SII Group Chile,1,0,1,0,0,0,76.0,Talent Acquisition,Recruiting,40.6,LATAM_USD,HIGH,company name contains geographic keyword: 'chile',,,
Praxis USA,2,0,2,0,0,0,70.5,Talent Acquisition,Recruiting,40.4,US_CANADA_NEARSHORE,HIGH,company name contains geographic keyword: 'usa',,,
HN Services Portugal,1,0,1,0,0,0,75.0,Talent Acquisition,Management,40.1,EUROPE,HIGH,company name contains geographic keyword: 'portugal',,,
APRIORI - business solutions AG,1,1,0,0,0,0,71.0,Recruiter,Recruiting,38.6,BRAZIL,HIGH,company name contains geographic keyword: 'rio',,,
Circet USA,1,1,0,0,0,0,71.0,Recruiter,Recruiting,38.6,US_CANADA_NEARSHORE,HIGH,company name contains geographic keyword: 'usa',,,
ManpowerGroup Argentina,1,0,0,0,1,0,73.0,Director,Management,38.6,LATAM_USD,HIGH,company name contains geographic keyword: 'argentina',,,
NerdBench Technical Recruiting,1,1,0,0,0,0,71.0,Recruiter,Recruiting,38.6,GLOBAL_STAFFING,HIGH,company name contains staffing keyword: 'bench',,,
Prowork Group Colombia,1,0,1,0,0,0,70.0,Talent Acquisition,Recruiting,37.6,LATAM_USD,HIGH,company name contains geographic keyword: 'colombia',,,
Zukk - Geoespacial,1,1,0,0,0,0,69.0,Recruiter,Recruiting,37.6,EUROPE,HIGH,company name contains geographic keyword: 'uk',,,
Randstad España,3,1,1,0,0,0,62.0,Consultant,Recruiting,36.8,SPAIN_EU,HIGH,company name contains geographic keyword: 'españa',,,
Logicalis Portugal,1,0,1,0,0,0,68.0,Talent Acquisition,Recruiting,36.6,EUROPE,HIGH,company name contains geographic keyword: 'portugal',,,
Rajapack España,1,0,1,0,0,0,68.0,Talent Acquisition,Recruiting,36.6,SPAIN_EU,HIGH,company name contains geographic keyword: 'españa',,,
ABANCA Portugal,1,0,0,0,1,0,68.0,Director,Management,36.1,EUROPE,HIGH,company name contains geographic keyword: 'portugal',,,
RecLatam,1,1,0,0,0,0,65.0,Recruiter,Recruiting,35.6,LATAM_USD,HIGH,company name contains geographic keyword: 'latam',,,
Claranet Portugal,1,0,1,0,0,0,65.0,Talent Acquisition,Recruiting,35.1,EUROPE,HIGH,company name contains geographic keyword: 'portugal',,,
LUK HR,1,0,0,0,1,0,66.0,Executive,Management,35.1,EUROPE,HIGH,company name contains geographic keyword: 'uk',,,
Gravitas Recruitment Group (UK) Ltd,1,0,0,0,1,0,64.0,Director,Management,34.1,EUROPE,HIGH,company name contains geographic keyword: 'uk',,,
Aubay Portugal,4,1,0,0,1,0,55.8,Executive,Management,33.3,EUROPE,HIGH,company name contains geographic keyword: 'portugal',,,
BA Global Talent,2,0,2,0,0,0,53.5,Talent Acquisition,Recruiting,32.0,GLOBAL_STAFFING,HIGH,company name contains staffing keyword: 'global talent',,,
Grupo Boticário,48,1,1,2,1,12,23.0,Other,Other,31.8,BRAZIL,HIGH,company name contains geographic keyword: 'rio',,,
Intuition IT – Intuitive Technology Recruitment,1,0,1,0,0,0,58.0,Talent Acquisition,Recruiting,31.6,GLOBAL_STAFFING,HIGH,company name contains staffing keyword: 'technology recruitment',,,
TI Hunting,1,1,0,0,0,0,57.0,Recruiter,Recruiting,31.6,GLOBAL_STAFFING,HIGH,company name contains staffing keyword: 'hunting',,,
Zukk,2,0,0,1,0,0,54.0,Hiring Manager,Management,31.2,EUROPE,HIGH,company name contains geographic keyword: 'uk',,,
Gulf Oil NorLATAM,1,0,0,0,0,0,62.0,HR,Management,31.1,LATAM_USD,HIGH,company name contains geographic keyword: 'latam',,,
SDG Group Mexico,1,1,0,0,0,0,56.0,Recruiter,Recruiting,31.1,LATAM_USD,HIGH,company name contains geographic keyword: 'mexico',,,
Busko Group Headhunting & Outplacement,1,0,1,0,0,0,56.0,Talent Acquisition,Recruiting,30.6,GLOBAL_STAFFING,HIGH,company name contains staffing keyword: 'placement',,,
"Direct IT Recruiting Inc., WBE Canada Certified",1,0,0,0,0,0,61.0,Operations,Management,30.6,US_CANADA_NEARSHORE,HIGH,company name contains geographic keyword: 'canada',,,
IT Recruitment Solutions (ITRS.ua) ®,1,1,0,0,0,0,54.0,Recruiter,Recruiting,30.1,GLOBAL_STAFFING,HIGH,company name contains staffing keyword: 'it recruitment',,,
Rittal Chile,1,0,0,0,0,0,60.0,HR,Management,30.1,LATAM_USD,HIGH,company name contains geographic keyword: 'chile',,,
Randstad Portugal,2,1,0,0,0,0,53.5,Consultant,Consulting,30.0,EUROPE,HIGH,company name contains geographic keyword: 'portugal',,,
Senai São Paulo,2,0,1,0,1,0,50.5,Director,Management,30.0,BRAZIL,HIGH,company name contains geographic keyword: 'são paulo',,,
Cirion Technologies,1,0,0,0,1,0,55.0,Director,Management,29.6,BRAZIL,HIGH,company name contains geographic keyword: 'rio',,,
Lureye Chile,1,0,0,0,0,0,59.0,HR,HR,29.6,LATAM_USD,HIGH,company name contains geographic keyword: 'chile',,,
SVN Investimentos - Escritório Credenciado à XP Investimentos,1,1,0,0,0,0,53.0,Recruiter,Recruiting,29.6,BRAZIL,HIGH,company name contains geographic keyword: 'rio',,,
ScaleAQ Chile,1,0,0,0,0,0,59.0,HR,HR,29.6,LATAM_USD,HIGH,company name contains geographic keyword: 'chile',,,
Manpower UK,2,0,1,0,0,0,53.5,Operations,Management,29.4,EUROPE,HIGH,company name contains geographic keyword: 'uk',,,
Dadosfera (anteriormente DataSprints),1,0,0,0,1,0,54.0,Executive,Management,29.1,BRAZIL,HIGH,company name contains geographic keyword: 'rio',,,
IT Jobs in Europe by Prometeo Talent,1,0,0,0,1,0,54.0,Executive,Management,29.1,EUROPE,HIGH,company name contains geographic keyword: 'europe',,,
"DatamanUSA, LLC",1,0,0,0,0,0,57.0,Other,Other,28.6,US_CANADA_NEARSHORE,HIGH,company name contains geographic keyword: 'usa',,,
QUANTEAM - Portugal (RAINBOW PARTNERS Group),1,0,0,0,0,1,56.0,Data Engineer,Data Engineering,28.1,EUROPE,HIGH,company name contains geographic keyword: 'portugal',,,
PT. Adisena Mitra Usaha (Beyondtech),1,0,0,0,0,0,55.0,Other,Other,27.6,US_CANADA_NEARSHORE,HIGH,company name contains geographic keyword: 'usa',,,
Arionkoder,1,1,0,0,0,0,47.0,Recruiter,Recruiting,26.6,BRAZIL,HIGH,company name contains geographic keyword: 'rio',,,
Assured Europe,1,0,1,0,0,0,48.0,Talent Acquisition,Recruiting,26.6,EUROPE,HIGH,company name contains geographic keyword: 'europe',,,
Centro Universitario UTEG,1,0,1,0,0,0,48.0,Talent Acquisition,Recruiting,26.6,BRAZIL,HIGH,company name contains geographic keyword: 'rio',,,
The Contractor Consultants,1,1,0,0,0,0,47.0,Recruiter,Recruiting,26.6,GLOBAL_STAFFING,HIGH,company name contains staffing keyword: 'contractor',,,
Yazaki Mexico & Central America,1,0,1,0,0,0,48.0,Talent Acquisition,Recruiting,26.6,LATAM_USD,HIGH,company name contains geographic keyword: 'mexico',,,
Maruti Suzuki India Limited,1,0,0,0,0,1,52.0,Data Engineer,Data Engineering,26.1,EUROPE,HIGH,company name contains geographic keyword: 'uk',,,
Teleperformance Colombia,1,0,0,0,0,0,52.0,HR,HR,26.1,LATAM_USD,HIGH,company name contains geographic keyword: 'colombia',,,
Walmart Chile,7,0,0,0,1,0,45.6,Other,Other,25.5,LATAM_USD,HIGH,company name contains geographic keyword: 'chile',,,
First Hunting RRHH,1,1,0,0,0,0,44.0,Recruiter,HR,25.1,GLOBAL_STAFFING,HIGH,company name contains staffing keyword: 'hunting',,,
Grenzgänger. | Headhunting,1,1,0,0,0,0,44.0,Recruiter,Recruiting,25.1,GLOBAL_STAFFING,HIGH,company name contains staffing keyword: 'headhunting',,,
RedCLARA - Cooperación Latino Americana de Redes Avanzadas,1,0,0,0,0,0,50.0,Other,Management,25.1,LATAM_USD,HIGH,company name contains geographic keyword: 'latin',,,
Seguros Monterrey New York Life,1,0,0,0,0,0,50.0,Other,Other,25.1,US_CANADA_NEARSHORE,HIGH,company name contains geographic keyword: 'new york',,,
TriOptus,1,1,0,0,0,0,44.0,Recruiter,Recruiting,25.1,BRAZIL,HIGH,company name contains geographic keyword: 'rio',,,
Visability Chile,1,0,0,0,0,0,50.0,Other,Management,25.1,LATAM_USD,HIGH,company name contains geographic keyword: 'chile',,,
Bash Chile,1,0,0,0,0,0,49.0,HR,HR,24.6,LATAM_USD,HIGH,company name contains geographic keyword: 'chile',,,
ENTRERRIOS AUTOMATIZACION S.A,1,0,0,0,1,0,45.0,Director,Management,24.6,BRAZIL,HIGH,company name contains geographic keyword: 'rio',,,
Grupo Parisien,1,0,0,0,0,0,49.0,HR,HR,24.6,EUROPE,HIGH,company name contains geographic keyword: 'paris',,,
JBS USA,1,0,0,0,0,0,49.0,Other,Analytics,24.6,US_CANADA_NEARSHORE,HIGH,company name contains geographic keyword: 'usa',,,
Prefeitura da Cidade do Recife,1,0,0,0,0,0,49.0,Other,Other,24.6,BRAZIL,HIGH,company name contains geographic keyword: 'recife',,,
ManpowerGroup Chile,2,0,0,0,0,0,48.5,Consultant,Consulting,24.4,LATAM_USD,HIGH,company name contains geographic keyword: 'chile',,,
Quorion,1,0,0,0,1,0,44.0,Executive,Management,24.1,BRAZIL,HIGH,company name contains geographic keyword: 'rio',,,
Orion Talent,3,2,0,0,0,0,35.3,Recruiter,Recruiting,24.0,BRAZIL,HIGH,company name contains geographic keyword: 'rio',,,
"Plettac Electronics Argentina, S.A",1,0,0,0,0,0,47.0,Other,Other,23.6,LATAM_USD,HIGH,company name contains geographic keyword: 'argentina',,,
USAA Inc,1,0,0,0,0,1,47.0,Data Analyst,Analytics,23.6,US_CANADA_NEARSHORE,HIGH,company name contains geographic keyword: 'usa',,,
Autofin Chile,2,0,0,0,0,0,46.5,Other,Management,23.4,LATAM_USD,HIGH,company name contains geographic keyword: 'chile',,,
RCI Latinoamérica,2,0,0,0,0,0,46.5,Other,Other,23.4,LATAM_USD,HIGH,company name contains geographic keyword: 'latin',,,
Azar Latino,1,0,0,0,0,0,46.0,HR,HR,23.1,LATAM_USD,HIGH,company name contains geographic keyword: 'latin',,,
Dr. Maier + Partner GmbH I Executive Search,1,1,0,0,0,0,40.0,Sourcer,Recruiting,23.1,GLOBAL_STAFFING,HIGH,company name contains staffing keyword: 'executive search',,,
Prosperus Club,1,0,0,0,0,0,46.0,HR,HR,23.1,LATAM_USD,HIGH,company name contains geographic keyword: 'peru',,,
Webasto Portugal,1,0,0,0,0,0,46.0,Other,Management,23.1,EUROPE,HIGH,company name contains geographic keyword: 'portugal',,,
Decskill España,1,0,0,0,0,0,45.0,Other,Management,22.6,SPAIN_EU,HIGH,company name contains geographic keyword: 'españa',,,
Pousada Tutabel Trancoso,1,0,0,0,0,0,45.0,Other,Other,22.6,US_CANADA_NEARSHORE,HIGH,company name contains geographic keyword: 'usa',,,
W Executive España,1,0,0,0,0,0,45.0,Other,Management,22.6,SPAIN_EU,HIGH,company name contains geographic keyword: 'españa',,,
Experis Colombia,1,0,0,0,0,0,44.0,Consultant,Consulting,22.1,LATAM_USD,HIGH,company name contains geographic keyword: 'colombia',,,
"TJX Canada – Winners, Marshalls, HomeSense",1,0,0,0,0,0,44.0,Operations,Operations,22.1,US_CANADA_NEARSHORE,HIGH,company name contains geographic keyword: 'canada',,,
Techunting,2,0,1,0,0,0,38.0,Other,Other,21.7,GLOBAL_STAFFING,HIGH,company name contains staffing keyword: 'hunting',,,
Accenture Chile,1,0,0,0,0,0,43.0,Other,Management,21.6,LATAM_USD,HIGH,company name contains geographic keyword: 'chile',,,
Banco de Chile,1,0,0,0,0,0,43.0,Other,Other,21.6,LATAM_USD,HIGH,company name contains geographic keyword: 'chile',,,
Bosch Chile,1,0,0,0,0,0,43.0,Other,Other,21.6,LATAM_USD,HIGH,company name contains geographic keyword: 'chile',,,
Empresas AquaChile,1,0,0,0,0,0,43.0,Other,Other,21.6,LATAM_USD,HIGH,company name contains geographic keyword: 'chile',,,
Green Energy Transport Latin American Spa,1,0,0,0,0,0,43.0,Other,Other,21.6,LATAM_USD,HIGH,company name contains geographic keyword: 'latin',,,
Médicos Sin Fronteras Latinoamérica,1,0,0,0,0,0,43.0,Other,Other,21.6,LATAM_USD,HIGH,company name contains geographic keyword: 'latin',,,
Würth Argentina,1,0,0,0,0,0,43.0,Other,Other,21.6,LATAM_USD,HIGH,company name contains geographic keyword: 'argentina',,,
Jusbrasil,4,0,0,0,1,1,38.2,Data Engineer,Management,21.5,BRAZIL,HIGH,company name contains geographic keyword: 'brasil',,,
Comunidade 10K | Salários de 3 a R$10.000 para pessoas comuns,1,0,0,0,0,0,42.0,Founder,Management,21.1,BRAZIL,HIGH,company name contains geographic keyword: 'rio',,,
Fiverr and Upwork Freelancers Gig Promotion USA,1,0,0,0,0,0,42.0,Other,Other,21.1,US_CANADA_NEARSHORE,HIGH,company name contains geographic keyword: 'usa',,,
HUNTINGTI,1,0,0,0,0,0,42.0,Founder,Management,21.1,GLOBAL_STAFFING,HIGH,company name contains staffing keyword: 'hunting',,,
Harry Hope. España,1,0,0,0,0,0,42.0,Consultant,Consulting,21.1,SPAIN_EU,HIGH,company name contains geographic keyword: 'españa',,,
Ministério da Gestão e da Inovação em Serviços Públicos,1,0,0,0,0,0,42.0,Other,Other,21.1,BRAZIL,HIGH,company name contains geographic keyword: 'rio',,,
Skillia Executive Search,1,0,0,0,0,0,42.0,Founder,Management,21.1,GLOBAL_STAFFING,HIGH,company name contains staffing keyword: 'executive search',,,
Digitaly Tech - Soluções Digitais,1,0,0,0,0,0,41.0,Other,Analytics,20.6,EUROPE,HIGH,company name contains geographic keyword: 'italy',,,
Comercializadora de Servicios financieros - Grupo BBVA Colombia,1,0,0,0,0,0,40.0,Other,Other,20.1,LATAM_USD,HIGH,company name contains geographic keyword: 'colombia',,,
Crecimiento Argentina,1,0,0,0,0,0,40.0,Other,Other,20.1,LATAM_USD,HIGH,company name contains geographic keyword: 'argentina',,,
ECRGROUP® Chile,1,0,0,0,0,0,40.0,Other,Other,20.1,LATAM_USD,HIGH,company name contains geographic keyword: 'chile',,,
Fuerza Aérea de Chile,1,0,0,0,0,0,40.0,Other,Other,20.1,LATAM_USD,HIGH,company name contains geographic keyword: 'chile',,,
Genesys Chile,1,0,0,0,0,0,40.0,Other,Other,20.1,LATAM_USD,HIGH,company name contains geographic keyword: 'chile',,,
Heel Colombia,1,0,0,0,0,0,40.0,Other,Other,20.1,LATAM_USD,HIGH,company name contains geographic keyword: 'colombia',,,
IESLA - Instituto de Educação Superior Latinoamericano,1,0,0,0,0,0,40.0,Other,Other,20.1,BRAZIL,HIGH,company name contains geographic keyword: 'rio',,,
OXXO Chile,1,0,0,0,0,0,40.0,Other,Other,20.1,LATAM_USD,HIGH,company name contains geographic keyword: 'chile',,,
Quiero ser Voluntario Chile,1,0,0,0,0,0,40.0,Other,Other,20.1,BRAZIL,HIGH,company name contains geographic keyword: 'rio',,,
Teamwork Chile,1,0,0,0,0,0,40.0,Other,Other,20.1,LATAM_USD,HIGH,company name contains geographic keyword: 'chile',,,
VITALY,1,0,0,0,0,0,40.0,HR,HR,20.1,EUROPE,HIGH,company name contains geographic keyword: 'italy',,,
Canada Life UK,1,0,0,0,0,0,39.0,Other,Other,19.6,EUROPE,HIGH,company name contains geographic keyword: 'uk',,,
EBM Desenvolvimento Imobiliário,1,0,0,0,0,0,39.0,Other,Other,19.6,BRAZIL,HIGH,company name contains geographic keyword: 'rio',,,
EBPÓS-Escola Brasileira de Pós-Graduação,1,0,0,0,0,0,39.0,HR,HR,19.6,BRAZIL,HIGH,company name contains geographic keyword: 'brasil',,,
smart Europe GmbH,2,0,0,0,1,0,34.5,Head of Data,Management,19.4,EUROPE,HIGH,company name contains geographic keyword: 'europe',,,
Metalfrio Solutions,1,0,0,0,0,0,38.0,Other,Other,19.1,BRAZIL,HIGH,company name contains geographic keyword: 'rio',,,
SA365 Portugal,1,0,0,0,0,0,38.0,Other,Other,19.1,EUROPE,HIGH,company name contains geographic keyword: 'portugal',,,
SDG Group España,1,0,0,0,0,0,38.0,Other,Other,19.1,SPAIN_EU,HIGH,company name contains geographic keyword: 'españa',,,
T1 Digital Consultants Limited | UK's Top Rated Global Talent Visa Endorsement Experts,1,0,0,0,0,0,38.0,Consultant,Consulting,19.1,EUROPE,HIGH,company name contains geographic keyword: 'uk',,,
Buk,1,0,0,0,0,0,37.0,Other,Other,18.6,EUROPE,HIGH,company name contains geographic keyword: 'uk',,,
Universidad Externado de Colombia,1,0,0,0,0,0,37.0,Other,Other,18.6,LATAM_USD,HIGH,company name contains geographic keyword: 'colombia',,,
Clarios,2,0,1,0,0,0,31.5,Other,Management,18.4,BRAZIL,HIGH,company name contains geographic keyword: 'rio',,,
Infraestruturas de Portugal,1,0,0,0,0,0,36.0,Other,Other,18.1,EUROPE,HIGH,company name contains geographic keyword: 'portugal',,,
Lapônia - Concessionário de Caminhões e Chassis de Ônibus Volvo,1,0,0,0,0,0,35.0,HR,Management,17.6,BRAZIL,HIGH,company name contains geographic keyword: 'rio',,,
Rioquímica S.A,3,0,0,0,1,0,30.0,HR,HR,17.3,BRAZIL,HIGH,company name contains geographic keyword: 'rio',,,
Aché Laboratórios Farmacêuticos,2,0,0,0,0,0,34.0,HR,Management,17.2,BRAZIL,HIGH,company name contains geographic keyword: 'rio',,,
4it Recruitment,1,0,0,0,0,0,34.0,Other,Other,17.1,GLOBAL_STAFFING,HIGH,company name contains staffing keyword: 'it recruitment',,,
BEW Berliner Energie und Wärme GmbH,1,0,0,0,0,0,34.0,Other,Other,17.1,EUROPE,HIGH,company name contains geographic keyword: 'berlin',,,
EUROMANAGER - Executive Search,1,0,0,0,0,0,34.0,HR,Consulting,17.1,GLOBAL_STAFFING,HIGH,company name contains staffing keyword: 'executive search',,,
Lírio do Vale Distribuidora de Artigos Religiosos,1,0,0,0,0,1,33.0,Data Analyst,Analytics,16.6,BRAZIL,HIGH,company name contains geographic keyword: 'rio',,,
Universidade do Vale do Rio dos Sinos,1,0,0,0,0,1,33.0,Machine Learning / AI,Data Science / AI,16.6,BRAZIL,HIGH,company name contains geographic keyword: 'rio',,,
European Society of Radiology,1,0,0,0,0,0,32.0,HR,Management,16.1,EUROPE,HIGH,company name contains geographic keyword: 'europe',,,
BP - A Beneficência Portuguesa de São Paulo,1,0,0,0,0,0,31.0,Other,Management,15.6,BRAZIL,HIGH,company name contains geographic keyword: 'são paulo',,,
Berliner Verkehrsbetriebe (BVG),1,0,0,0,0,0,31.0,Other,Other,15.6,EUROPE,HIGH,company name contains geographic keyword: 'berlin',,,
Brasilprev,1,0,0,0,0,0,31.0,Other,Management,15.6,BRAZIL,HIGH,company name contains geographic keyword: 'brasil',,,
CBSI - Companhia Brasileira de Serviços de Infraestrutura,1,0,0,0,0,0,31.0,Other,Other,15.6,BRAZIL,HIGH,company name contains geographic keyword: 'brasil',,,
DPD Portugal,1,0,0,0,0,0,31.0,Other,Other,15.6,EUROPE,HIGH,company name contains geographic keyword: 'portugal',,,
SKILLUP (Ukraine),1,0,0,0,0,0,31.0,Other,Other,15.6,EUROPE,HIGH,company name contains geographic keyword: 'uk',,,
Schwarz Produktion,1,0,0,0,0,0,31.0,Other,Other,15.6,EUROPE,HIGH,company name contains geographic keyword: 'uk',,,
Zukunftsagenten GmbH,1,0,0,0,0,0,31.0,Other,Other,15.6,EUROPE,HIGH,company name contains geographic keyword: 'uk',,,
Azul Linhas Aéreas Brasileiras,3,0,0,0,0,1,30.3,Other,Analytics,15.4,BRAZIL,HIGH,company name contains geographic keyword: 'brasil',,,
Grife Desenvolvimento Imobiliário,1,0,0,0,0,0,30.0,HR,HR,15.1,BRAZIL,HIGH,company name contains geographic keyword: 'rio',,,
Uklon,1,0,0,0,0,0,30.0,Other,Other,15.1,EUROPE,HIGH,company name contains geographic keyword: 'uk',,,
TechNET IT Recruitment Ltd,1,0,0,0,0,0,29.0,Consultant,Consulting,14.6,GLOBAL_STAFFING,HIGH,company name contains staffing keyword: 'it recruitment',,,
Memorial Park - Parque Cementerio,1,0,0,0,0,0,28.0,HR,HR,14.1,BRAZIL,HIGH,company name contains geographic keyword: 'rio',,,
NWS Executive Search,1,0,0,0,0,0,28.0,Consultant,Consulting,14.1,GLOBAL_STAFFING,HIGH,company name contains staffing keyword: 'executive search',,,
Secretaria Municipal da Saúde de São Paulo,1,0,0,0,0,0,28.0,Consultant,Consulting,14.1,BRAZIL,HIGH,company name contains geographic keyword: 'são paulo',,,
Autônomo / Projetos próprios,1,0,0,0,0,1,27.0,Data Engineer,Data Engineering,13.6,BRAZIL,HIGH,company name contains geographic keyword: 'rio',,,
FARM Rio,1,0,0,0,0,1,27.0,Data Engineer,Data Engineering,13.6,BRAZIL,HIGH,company name contains geographic keyword: 'rio',,,
Ministério da Cultura,1,0,0,0,0,1,27.0,Data Engineer,Data Engineering,13.6,BRAZIL,HIGH,company name contains geographic keyword: 'rio',,,
Patriot Real Estate,1,0,0,0,0,0,27.0,HR,Management,13.6,BRAZIL,HIGH,company name contains geographic keyword: 'rio',,,
Prefeitura de São Paulo,1,0,0,0,0,0,27.0,Other,Other,13.6,BRAZIL,HIGH,company name contains geographic keyword: 'são paulo',,,
Ryanair - Europe's Favourite Airline,1,0,0,0,0,1,27.0,Data Engineer,Data Engineering,13.6,EUROPE,HIGH,company name contains geographic keyword: 'europe',,,
Brasilseg,1,0,0,0,0,0,26.0,Project / Program Manager,Management,13.1,BRAZIL,HIGH,company name contains geographic keyword: 'brasil',,,
Senator Executive Search Partners,3,0,0,0,0,0,25.0,Other,Other,12.8,GLOBAL_STAFFING,HIGH,company name contains staffing keyword: 'executive search',,,
Centro Universitário Belas Artes de São Paulo,1,0,0,0,0,0,24.0,Other,Other,12.1,BRAZIL,HIGH,company name contains geographic keyword: 'são paulo',,,
Centro Universitário Senac,1,0,0,0,0,1,24.0,Data Analyst,Analytics,12.1,BRAZIL,HIGH,company name contains geographic keyword: 'rio',,,
DRH Temporários e Terceirizados,1,0,0,0,0,0,24.0,HR,HR,12.1,BRAZIL,HIGH,company name contains geographic keyword: 'rio',,,
Grupo Flox RS (O Boticário),1,0,0,0,0,0,24.0,HR,HR,12.1,BRAZIL,HIGH,company name contains geographic keyword: 'rio',,,
Rio Ônibus,1,0,0,0,0,0,24.0,HR,HR,12.1,BRAZIL,HIGH,company name contains geographic keyword: 'rio',,,
Talent Replacement | Carreira Internacional,1,0,0,0,0,0,24.0,Operations,Management,12.1,GLOBAL_STAFFING,HIGH,company name contains staffing keyword: 'placement',,,
Self-Employed Contractor,2,0,0,0,0,0,23.0,Consultant,Consulting,11.7,GLOBAL_STAFFING,HIGH,company name contains staffing keyword: 'contractor',,,
Brio Digital,1,0,0,0,0,0,23.0,Consultant,Consulting,11.6,BRAZIL,HIGH,company name contains geographic keyword: 'rio',,,
Global RIO Serviços,1,0,0,0,0,0,23.0,Software Engineer,Software Engineering,11.6,BRAZIL,HIGH,company name contains geographic keyword: 'rio',,,
FRED Executive Search,2,0,0,0,0,0,22.5,Consultant,Consulting,11.4,GLOBAL_STAFFING,HIGH,company name contains staffing keyword: 'executive search',,,
Amplifi (Europe),1,0,0,0,0,0,22.0,Other,Management,11.1,EUROPE,HIGH,company name contains geographic keyword: 'europe',,,
Centro Universitário São Camilo,1,0,0,0,0,0,22.0,HR,HR,11.1,BRAZIL,HIGH,company name contains geographic keyword: 'rio',,,
Escritório Contábil Metrópole,1,0,0,0,0,0,22.0,HR,HR,11.1,BRAZIL,HIGH,company name contains geographic keyword: 'rio',,,
INSTITUIÇÃO BAIANA DE ENSINO SUPERIOR LTDA - Faculdade DOM PEDRO II,1,0,0,0,0,0,22.0,Other,Other,11.1,BRAZIL,HIGH,company name contains geographic keyword: 'rio',,,
NEO Executive Search,1,0,0,0,0,0,22.0,Other,Management,11.1,GLOBAL_STAFFING,HIGH,company name contains staffing keyword: 'executive search',,,
Various Companies,1,0,0,0,0,0,22.0,Other,Management,11.1,BRAZIL,HIGH,company name contains geographic keyword: 'rio',,,
ABGR Associação Brasileira de Gerência de Riscos,1,0,0,0,0,0,21.0,Other,Other,10.6,BRAZIL,HIGH,company name contains geographic keyword: 'brasil',,,
ABTEC Associação Brasileira de Educação e Tecnologia (FIAP),1,0,0,0,0,0,21.0,Other,Other,10.6,BRAZIL,HIGH,company name contains geographic keyword: 'brasil',,,
Abria - Associação Brasileira de Inteligência Artificial,1,0,0,0,0,0,21.0,Other,Other,10.6,BRAZIL,HIGH,company name contains geographic keyword: 'brasil',,,
Brazilcore,1,0,0,0,0,0,21.0,Other,Other,10.6,BRAZIL,HIGH,company name contains geographic keyword: 'brazil',,,
Centro Universitário Adventista de São Paulo,1,0,0,0,0,0,21.0,Other,Other,10.6,BRAZIL,HIGH,company name contains geographic keyword: 'são paulo',,,
Escritório Braga Contabilidade,1,0,0,0,0,0,21.0,HR,HR,10.6,BRAZIL,HIGH,company name contains geographic keyword: 'rio',,,
Friday Marketing Imobiliário,1,0,0,0,0,0,21.0,HR,HR,10.6,BRAZIL,HIGH,company name contains geographic keyword: 'rio',,,
Hospital São Paulo - Ribeirão Preto,1,0,0,0,0,0,21.0,Other,Other,10.6,BRAZIL,HIGH,company name contains geographic keyword: 'são paulo',,,
IBICT - Instituto Brasileiro de Informação em Ciência e Tecnologia,1,0,0,0,0,0,21.0,Other,Other,10.6,BRAZIL,HIGH,company name contains geographic keyword: 'brasil',,,
PMI São Paulo,1,0,0,0,0,0,21.0,Other,Other,10.6,BRAZIL,HIGH,company name contains geographic keyword: 'são paulo',,,
Senac São Paulo,1,0,0,0,0,0,21.0,Other,Other,10.6,BRAZIL,HIGH,company name contains geographic keyword: 'são paulo',,,
USP - Universidade de São Paulo,1,0,0,0,0,0,21.0,Other,Other,10.6,BRAZIL,HIGH,company name contains geographic keyword: 'são paulo',,,
Europe Careers,1,0,0,0,0,0,19.0,Consultant,Consulting,9.6,EUROPE,HIGH,company name contains geographic keyword: 'europe',,,
Misión de Observación Electoral de la Unión Europea,1,0,0,0,0,0,19.0,Other,Other,9.6,EUROPE,HIGH,company name contains geographic keyword: 'europe',,,
PrecNacional Consultoria em Direitos Creditórios,1,0,0,0,0,0,19.0,Software Engineer,Software Engineering,9.6,BRAZIL,HIGH,company name contains geographic keyword: 'rio',,,
CIEE Rio,1,0,0,0,0,0,18.0,Other,Management,9.1,BRAZIL,HIGH,company name contains geographic keyword: 'rio',,,
Consultorio privado,1,0,0,0,0,0,18.0,Other,Other,9.1,BRAZIL,HIGH,company name contains geographic keyword: 'rio',,,
Fundo Social de São Paulo,1,0,0,0,0,0,18.0,Other,Other,9.1,BRAZIL,HIGH,company name contains geographic keyword: 'são paulo',,,
TOGNI S/A Materiais Refratários,1,0,0,0,0,0,18.0,Other,Other,9.1,BRAZIL,HIGH,company name contains geographic keyword: 'rio',,,
Transbahia Transportes Ltda,1,0,0,0,0,0,18.0,Other,Other,9.1,BRAZIL,HIGH,company name contains geographic keyword: 'bahia',,,
Clube Curitibano,1,0,0,0,0,0,17.0,Other,Other,8.6,BRAZIL,HIGH,company name contains geographic keyword: 'curitiba',,,
Governo do Estado de São Paulo,1,0,0,0,0,0,17.0,Other,Other,8.6,BRAZIL,HIGH,company name contains geographic keyword: 'são paulo',,,
Hospital Regional São Paulo,1,0,0,0,0,0,17.0,Other,Other,8.6,BRAZIL,HIGH,company name contains geographic keyword: 'são paulo',,,
Grupo ARION,2,0,0,0,0,0,16.5,Other,HR,8.4,BRAZIL,HIGH,company name contains geographic keyword: 'rio',,,
European Investment Bank (EIB),1,0,0,0,0,0,16.0,Other,Other,8.1,EUROPE,HIGH,company name contains geographic keyword: 'europe',,,
Familia en Equilibrio,1,0,0,0,0,0,15.0,Consultant,Consulting,7.6,BRAZIL,HIGH,company name contains geographic keyword: 'rio',,,
Fondazione Policlinico Universitario Agostino Gemelli IRCCS,1,0,0,0,0,0,15.0,Other,Other,7.6,BRAZIL,HIGH,company name contains geographic keyword: 'rio',,,
Outsourced,1,0,0,0,0,0,15.0,Other,Other,7.6,GLOBAL_STAFFING,HIGH,company name contains staffing keyword: 'outsourc',,,
Pontifícia Universidade Católica do Rio Grande do Sul,1,0,0,0,0,0,15.0,Other,Other,7.6,BRAZIL,HIGH,company name contains geographic keyword: 'rio',,,
UniCEUB - Centro Universitário de Brasília,1,0,0,0,0,0,15.0,Other,HR,7.6,BRAZIL,HIGH,company name contains geographic keyword: 'rio',,,
Associacao Junior Achievement Do Rio Grande Do Sul,1,0,0,0,0,0,13.0,Other,Other,6.6,BRAZIL,HIGH,company name contains geographic keyword: 'rio',,,
ESPM Escola Superior de Propaganda e Marketing,1,0,0,0,0,0,13.0,Other,Other,6.6,BRAZIL,HIGH,company name contains geographic keyword: 'rio',,,
Hospital Rio Grande,1,0,0,0,0,0,13.0,Other,Other,6.6,BRAZIL,HIGH,company name contains geographic keyword: 'rio',,,
O Boticário,1,0,0,0,0,0,13.0,Other,Other,6.6,BRAZIL,HIGH,company name contains geographic keyword: 'rio',,,
Petrobahia S.A,4,0,0,0,0,1,12.0,Other,Other,6.4,BRAZIL,HIGH,company name contains geographic keyword: 'bahia',,,
BVM Headhunting,1,0,0,0,0,0,12.0,Other,Other,6.1,GLOBAL_STAFFING,HIGH,company name contains staffing keyword: 'headhunting',,,
Capriole Coffee Service | B Corp™,1,0,0,0,0,0,12.0,Other,Other,6.1,BRAZIL,HIGH,company name contains geographic keyword: 'rio',,,
Centro Universitário FMU | FIAM-FAAM,1,0,0,0,0,0,12.0,Other,Other,6.1,BRAZIL,HIGH,company name contains geographic keyword: 'rio',,,
Consultório de Psicoterapia,1,0,0,0,0,0,12.0,Other,Other,6.1,BRAZIL,HIGH,company name contains geographic keyword: 'rio',,,
Daxtrio,1,0,0,0,0,0,12.0,Other,Other,6.1,BRAZIL,HIGH,company name contains geographic keyword: 'rio',,,
ECar - Escritório de Desenvolvimento de Carreiras USP,1,0,0,0,0,0,12.0,Other,Other,6.1,BRAZIL,HIGH,company name contains geographic keyword: 'rio',,,
Easy Headhunting,1,0,0,0,0,0,12.0,Other,Other,6.1,GLOBAL_STAFFING,HIGH,company name contains staffing keyword: 'headhunting',,,
Private Projects & Job Hunting,1,0,0,0,0,0,12.0,Other,Other,6.1,GLOBAL_STAFFING,HIGH,company name contains staffing keyword: 'hunting',,,
Toledo Prudente Centro Universitário,1,0,0,0,0,0,12.0,Other,Other,6.1,BRAZIL,HIGH,company name contains geographic keyword: 'rio',,,
UNI7 - Centro Universitário 7 de Setembro,1,0,0,0,0,0,12.0,Other,Other,6.1,BRAZIL,HIGH,company name contains geographic keyword: 'rio',,,
Universidade Federal do Rio Grande do Sul,1,0,0,0,0,0,12.0,Other,Other,6.1,BRAZIL,HIGH,company name contains geographic keyword: 'rio',,,
INCRA - Ministério do Desenvolvimento Agrário,1,0,0,0,0,0,11.0,Other,Other,5.6,BRAZIL,HIGH,company name contains geographic keyword: 'rio',,,
MetrôRio,1,0,0,0,0,0,11.0,Other,Other,5.6,BRAZIL,HIGH,company name contains geographic keyword: 'rio',,,
Outsourced Pro Global,1,0,0,0,0,0,11.0,Other,Other,5.6,GLOBAL_STAFFING,HIGH,company name contains staffing keyword: 'outsourc',,,
"OKÊ Temporários, Terceirização e Tecnologia",1,0,0,0,0,0,9.0,Other,Other,4.6,BRAZIL,HIGH,company name contains geographic keyword: 'rio',,,
CEGIST | Centre for Management Studies of Instituto Superior Técnico,1,0,0,0,0,0,8.0,Other,Other,4.1,BRAZIL,HIGH,company name contains geographic keyword: 'rio',,,
Casa e Campo produtos agropecuários LTDA,1,0,0,0,0,0,8.0,Other,Other,4.1,BRAZIL,HIGH,company name contains geographic keyword: 'rio',,,
Centro Universitário SENAI CIMATEC,1,0,0,0,0,0,8.0,Other,Other,4.1,BRAZIL,HIGH,company name contains geographic keyword: 'rio',,,
Clínica de Psicoterapia - Ame Rio Verde-GO,1,0,0,0,0,0,8.0,Other,Other,4.1,BRAZIL,HIGH,company name contains geographic keyword: 'rio',,,
Consultório Particular,1,0,0,0,0,0,8.0,Other,Other,4.1,BRAZIL,HIGH,company name contains geographic keyword: 'rio',,,
Prefeitura Municipal de Entre Rios,1,0,0,0,0,0,8.0,Other,Other,4.1,BRAZIL,HIGH,company name contains geographic keyword: 'rio',,,
