company_clean,connection_count,avg_priority_score,top_persona
Melt Group,12,20.6,Consultant
Factored,10,27.4,Data Engineer
Freelance,10,16.7,Other
QuintoAndar,10,26.3,Other
DIS AG,9,18.6,Other
Autônomo,7,13.6,Other
Global Group,7,12.1,Other
Nortal,7,18.0,Other
Robert Walters,7,22.7,Consultant
Avanade,6,24.3,Data Engineer
SThree,6,20.7,Consultant
Self-employed,6,16.5,Other
Grupo MAG,5,15.0,Other
Lojas Renner S.A,5,24.4,HR
Cadastra,5,25.4,Data Analyst
Babbel,5,22.2,Other
EloGroup,5,28.0,Data Engineer
KWS Group,5,13.8,Other
DBC Company,5,18.0,Other
NUMEN,5,22.8,Other
Nestlé,5,22.2,Other
Profesional independiente,5,18.2,Other
Progressive Recruitment,5,20.2,Consultant
Taylor Hopkinson | Powered by Brunel,5,22.8,Consultant
Shopee,5,19.0,HR
NTConsult,4,15.0,Other
Flink,4,20.8,Other
Neon,4,25.0,HR
BASF Services Americas,4,22.8,HR
Compass UOL,4,24.0,Data Analyst
Brunel,4,24.2,Other
Capco,4,27.8,Data Engineer
Improving,4,24.5,Other
EPAM Systems,4,34.2,Data Engineer
Hotmart,4,31.8,Data Engineer
ExxonMobil,4,27.0,Data Engineer
Selbstständig,4,12.0,Other
Kienbaum,4,19.2,Other
Citi,4,20.8,Data Analyst
The HEINEKEN Company,4,23.8,Other
banco BV,4,25.0,Product
K&K Talents,3,18.3,Other
Leega,3,24.7,Data Engineer
Advance Auto Parts,3,25.7,Data Scientist
Confidential,3,24.7,Data Engineer
AltoQi,3,27.7,Other
Celonis,3,28.3,Software Engineer
Intellias,3,25.3,HR
Gupy,3,17.3,Other
Banco Bmg,3,27.3,Data Engineer
Landeshauptstadt München,3,31.0,Other
Diageo,3,16.3,Other
Fami Capital,3,22.3,Other
FERCHAU,3,21.3,Other
Kenvue,3,21.7,Other
Oliver James,3,20.7,Other
Paytrack,3,27.7,Product
Pipefy,3,21.0,Data Analyst
Power Tuning,3,23.3,Other
Agibank,3,17.7,Other
Programmers,3,14.7,Other
Elevation Group,3,14.3,Other
Quartile,3,21.7,Data Analyst
Elevation Partners,3,20.7,Consultant
RED Global,3,29.3,Other
Ratbacher GmbH,3,17.3,Other
AXS Logistiek,3,21.7,Other
Caterpillar Inc,3,19.0,Other
SOUTH SYSTEM,3,20.0,HR
Datum,3,17.0,Other
PetroReconcavo,3,11.7,Other
Self Employed,3,20.3,Consultant
GEP Worldwide,3,21.0,Other
BEES,3,21.7,Other
Staan,3,21.0,Consultant
Stadtwerke München GmbH,3,31.0,Other
Straumann Group,3,29.3,Other
Talent Match,3,21.3,Consultant
SAUTER,3,25.7,HR
Teleperformance,3,28.3,Other
Tergos,3,20.7,Other
Hitachi Energy,3,18.7,Operations
Velozient,3,20.0,Other
Vetta,3,23.0,HR
Visagio,3,18.0,Consultant
Wellhub,3,24.7,Data Engineer
amaxo GmbH,3,18.0,Other
artevie group,3,19.3,Other
"ANP - Agência Nacional do Petróleo, Gás Natural e Biocombustíveis",3,8.0,Other
emagine,3,25.0,Other
Autônoma,2,13.5,Consultant
Acolad group,2,29.5,HR
IBGE,2,21.0,Machine Learning / AI
Escale,2,21.0,Other
Getnet,2,19.0,HR
Avenue Code,2,16.0,HR
Adium,2,26.5,HR
Escola da Nuvem,2,15.0,Other
Investigo,2,22.5,Consultant
Essbio,2,19.5,HR
Global Automotive,2,11.0,Other
E-IT,2,19.0,Other
Cross Border Talents,2,18.5,Other
BASF,2,21.5,Other
Customertimes,2,27.0,Data Engineer
CACEIS,2,16.5,HR
Eurofirms Group | People first,2,24.0,HR
Choco,2,25.0,Software Engineer
CAST,2,16.5,Other
JLink connecting experts GmbH,2,18.0,Other
IFIT Solutions,2,33.5,Consultant
GP JOULE Gruppe,2,16.5,HR
Horatio,2,20.0,Other
Horizontal Talent,2,20.0,Other
Inetum,2,25.0,Data Engineer
Grupo Fleury,2,19.0,Other
EXAME,2,17.5,HR
MadeiraMadeira,2,20.0,Other
Magnit Global,2,30.5,Other
Independent Consultant,2,26.0,Consultant
Banco Carrefour,2,23.5,Data Engineer
Mondelēz International,2,30.0,Data Analyst
Mottu,2,14.5,Other
Mouts TI,2,22.5,Product
N-iX,2,33.0,Data Engineer
Banco PAN,2,22.5,Data Engineer
F1RST Tecnologia,2,22.0,Data Engineer
Natura,2,26.5,Data Scientist
Nelson Wilians Advogados,2,27.0,HR
Neoenergia,2,10.0,Other
FALKEN Group Personalberatung GmbH,2,16.0,Other
FALKENHERZ Group,2,22.0,HR
Nexer Enterprise Applications,2,21.5,Other
Nomad,2,25.0,Data Engineer
Nordex Group,2,19.0,Other
Ipiranga,2,17.5,Other
Nortrez,2,29.0,Other
Novartis,2,24.5,Data Engineer
OPmobility,2,24.5,HR
El Corte Inglés,2,14.5,Other
Opah IT,2,20.0,Other
PIXIE,2,22.0,Other
PROPOSITO Human Capital Solutions,2,21.5,Consultant
Page Personnel,2,21.5,Consultant
Palantec GmbH,2,23.0,Consultant
Amoria Bond,2,25.0,Consultant
Peak One GmbH,2,27.0,Other
PepsiCo,2,29.5,Data Analyst
Maxxi,2,21.0,Consultant
Philip Morris International,2,27.5,Other
Phiture,2,25.0,HR
Infleet - Gestão de Frotas,2,17.5,Other
Positivo Tecnologia,2,28.0,Other
Kanastra,2,27.5,Data Engineer
Prefeitura de Cubatão,2,12.0,Other
Danone,2,18.5,Data Analyst
ACHS,2,23.5,HR
ACTIEF Personalmanagement GmbH,2,12.0,Other
Projective Talent | Part of Projective Group,2,15.5,Consultant
Pythian,2,31.0,Consultant
QSOFT,2,27.5,Data Engineer
Quantik,2,25.5,HR
Bayer,2,30.5,Other
Graphite,2,27.5,HR
R+V Versicherung,2,12.0,Other
Gravitas Recruitment Group (Global) Ltd,2,31.5,Consultant
Radix,2,21.5,Other
RapidCanvas,2,25.0,Data Scientist
HRA Solutions,2,12.0,Other
RecargaPay,2,31.5,Data Engineer
Rede Américas,2,21.0,HR
Reply,2,22.0,Consultant
Riverstate Premium Recruiting,2,25.0,Consultant
Forward,2,24.5,HR
Roche,2,22.0,Data Scientist
Rox Partner,2,24.0,Data Engineer
Royal Caribbean Group,2,33.0,Data Engineer
Deel,2,19.0,Operations
ALOIA AEROSPACE INC,2,9.5,Other
Empacar S.A,2,22.0,HR
SUBSCRIBE,2,15.0,Other
Sanofi,2,13.0,Operations
Benner,2,22.5,HR
John Deere,2,17.5,HR
Highspring,2,23.5,Other
Sem Parar Corpay,2,19.5,Other
Computer Futures,2,29.0,Consultant
SiDi,2,23.5,Data Scientist
Smollan,2,23.5,HR
Sofist,2,24.0,HR
Softplan,2,22.5,HR
Softys,2,28.5,Data Engineer
Sotreq S/A,2,13.5,Consultant
Sparkassen-Personalberatung GmbH,2,12.0,Other
Spin,2,28.5,HR
Splash,2,25.0,BI Analyst
HSystem,2,24.5,HR
FYGI,2,15.5,Consultant
Justos,2,28.0,Data Engineer
Strider,2,17.5,Other
SulAmérica,2,32.0,Data Engineer
Syngenta,2,18.0,Data Analyst
SysManager,2,17.5,Data Engineer
TECNOMEC ENGINEERING SRL,2,22.0,Other
TPC Logística Inteligente,2,13.0,Other
Takeda,2,20.0,Other
Bio-Rad Laboratories,2,15.5,Operations
Talention,2,18.0,Other
Taller,2,29.0,Data Engineer
Tarmac.IO,2,31.5,Data Engineer
Haleon,2,21.0,Operations
Dev.Pro,2,19.5,Data Engineer
Tenth Revolution Group,2,25.0,Consultant
Grupo 3corações,2,22.0,Data Engineer
Kuehne+Nagel,2,17.5,Other
TikTok,2,17.5,Other
TimePartner Personalmanagement GmbH,2,15.5,Consultant
Trillia,2,22.5,Data Engineer
Uncover,2,24.5,Data Scientist
ValueNet Group,2,17.0,Other
Falconi,2,27.0,Data Engineer
Vericode,2,28.0,Other
Verizon,2,26.5,Data Engineer
Vestas,2,8.0,Other
Bold Metrics Inc,2,25.5,Data Engineer
Vibra,2,21.0,Data Engineer
Innova-tsn,2,24.5,Data Engineer
Volvo Group,2,31.0,Data Engineer
WAYON IT Solutions,2,23.5,Other
Weatherford,2,17.5,HR
Hire With Near,2,16.0,Other
GetYourGuide,2,22.0,Other
Equifax I BoaVista,2,17.0,Data Engineer
Equinix,2,15.5,Consultant
Caveo,2,27.5,Other
empiriecom,2,26.5,Consultant
hub xp,2,25.0,Data Engineer
ilegra,2,18.0,HR
A-Players,2,31.0,HR
Appinventiv,1,34.0,HR
Appzlogic,1,28.0,Other
Apsen Farmacêutica,1,8.0,Other
Aptar,1,61.0,HR
Apter,1,15.0,Other
Arcadea Group,1,18.0,Other
Arcadis,1,18.0,Other
Archer Daniels Midland Company,1,8.0,Other
Arco Educação,1,37.0,Data Engineer
Arik Tekh LLC,1,22.0,Other
ArkValue,1,12.0,Other
Armenian Code Academy,1,8.0,Other
Arrow Electronics,1,24.0,HR
Arrows,1,25.0,Consultant
Arvato,1,18.0,Other
Arvenda LLC,1,26.0,Other
"Aseguradora General, S.A",1,8.0,Other
Assessoria RG,1,25.0,Other
Asset Locale,1,20.0,Other
Asset Management,1,23.0,Other
Associacao Junior Achievement Do Rio Grande Do Sul,1,13.0,Other
Assurant,1,12.0,Other
AssureSoft,1,30.0,HR
Astellas Pharma,1,12.0,Other
Astrana Health,1,33.0,Data Engineer
Atalaya Mining,1,12.0,Other
Atlas Governance,1,23.0,Other
Atlântico,1,33.0,Data Engineer
Atomic Layer Deposition,1,27.0,Project / Program Manager
Atruvia AG,1,12.0,Other
Attach Group,1,26.0,Other
Aubay,1,35.0,Data Engineer
Aulas particulares,1,8.0,Other
Aurean Blue,1,25.0,Other
Auren Energia,1,11.0,Other
Austra Vias,1,11.0,Other
Auten Energy - Energia Compartilhada,1,12.0,Other
Autónomo,1,12.0,Other
Avant Business Services,1,11.0,Other
Avature,1,19.0,Software Engineer
Aventa Solutions,1,15.0,Consultant
Avenue,1,11.0,Other
Avito,1,20.0,Other
Avra,1,37.0,Data Engineer
Avvale,1,36.0,Data Engineer
Awalé Resources,1,8.0,Other
Axel Springer,1,25.0,Other
Azion,1,21.0,Other
Azuris Company,1,27.0,Data Engineer
B&M Personalvermittlung,1,12.0,Other
BAC Credomatic,1,22.0,Other
BAE Systems,1,15.0,Other
BARMER,1,22.0,Other
BBC Carreira & RH,1,19.0,Consultant
BC Mentoria,1,8.0,Other
BESTSECRET Group,1,17.0,HR
BI4ALL,1,19.0,Consultant
BIGSEO,1,32.0,HR
BIX Tecnologia,1,15.0,Other
BM VAGAS,1,8.0,Other
BMN Nederland,1,12.0,Other
BMNS,1,34.0,HR
BRINK Group,1,25.0,Consultant
BROSETA,1,12.0,Other
BSS Group,1,30.0,Data Analyst
BUTTER. GmbH,1,12.0,Other
Bachpan Save The Innocence,1,12.0,Other
BackpackingIT,1,25.0,Consultant
Baku Heritage Tours - DMC,1,8.0,Other
Balanz Uruguay,1,43.0,Other
Ball Corporation,1,24.0,Data Analyst
BanBajío,1,12.0,Other
Banco BS2,1,12.0,Other
Banco Bci,1,39.0,HR
Banco Internacional,1,34.0,Other
Banco Promerica Guatemala,1,12.0,Other
Banco Rendimento,1,17.0,Project / Program Manager
Banco Sofisa S/A,1,8.0,Other
Banco de Seguros del Estado,1,15.0,Other
Banco del Sol,1,14.0,Other
Banistmo,1,22.0,Other
Bankaool,1,27.0,HR
Bankhaus Metzler,1,12.0,Other
Bankme,1,12.0,Other
Baril Advogados,1,23.0,Other
Bark.com,1,23.0,Other
Barrington James,1,19.0,Consultant
Basecone,1,36.0,Data Engineer
Basicfox,1,12.0,Other
Baterias Pioneiro,1,25.0,Other
Bathildisheim e.V,1,12.0,Other
Baugesellschaft Hanau GmbH,1,12.0,Other
Bayes Esports,1,25.0,Software Engineer
Be Intelligence,1,12.0,Other
BeNEX Akademie GmbH & Co. KG,1,12.0,Other
BeSmart Corp,1,25.0,Other
Beach Bum,1,28.0,Other
Bee Engineering ICT,1,22.0,Other
Belastingdienst,1,15.0,Other
Bemobi,1,12.0,Other
Bending Spoons,1,22.0,Other
Berger Bau- und Industriebedarf GmbH,1,12.0,Other
Bernoulli Educação,1,8.0,Other
BetOnYou Insurance Agency,1,42.0,Other
Better Collective,1,27.0,Data Engineer
Bettermile,1,21.0,HR
Bi Smart,1,35.0,Data Engineer
"BiDATiA, el poder del dato",1,26.0,Other
Bildungsreif,1,12.0,Other
Billie,1,25.0,Software Engineer
Birdie,1,18.0,Other
Bits&Cream,1,37.0,HR
Blackstraw,1,19.0,Software Engineer
BlueCross & BlueShield de Uruguay,1,40.0,Other
Bluer Tecnologia,1,12.0,Other
Bluhm Systeme GmbH,1,22.0,Other
Boehringer Ingelheim,1,15.0,Other
Boen Groen,1,12.0,Other
Bold Smart Ventures,1,19.0,Consultant
Bold Talent Co,1,19.0,Consultant
Bombril,1,18.0,Other
Bond Global,1,47.0,Other
Bosch Rexroth,1,30.0,HR
Bosonit,1,27.0,Data Engineer
Bouwhuysch,1,12.0,Other
Bracell,1,9.0,Operations
Branching Minds,1,33.0,Data Engineer
Braskem,1,9.0,Other
Bravend,1,21.0,HR
Braveo,1,17.0,HR
Bravia RH I Gestão Estratégica de Pessoas,1,19.0,Consultant
Bravos Energía,1,27.0,HR
BredenMaster,1,15.0,Other
Bridge & Co,1,12.0,Other
Bridgenext,1,31.0,HR
Brightman. IT Recruiting Agency,1,25.0,Other
Brooks Automation,1,39.0,Data Analyst
Brown & McCrow,1,25.0,Consultant
BuildUp,1,15.0,Other
Bullla,1,12.0,Other
Bundesagentur für Arbeit,1,12.0,Other
Bunge,1,12.0,Other
Büsser & Zeidler AG,1,12.0,Other
C3 Engenharia & Soluções,1,7.0,Other
CARE Vision Augenkliniken,1,12.0,Other
CASH,1,28.0,Other
CBQA Solutions Inc,1,23.0,Other
CConecta RH,1,19.0,Consultant
CEC Engenharia,1,8.0,Other
CEERT Equidade Racial e de Gênero,1,12.0,Other
CEGIST | Centre for Management Studies of Instituto Superior Técnico,1,8.0,Other
CEMA Construções e Tecnologia,1,18.0,Other
CEMPRE Uruguay,1,55.0,Project / Program Manager
CENTURY 21 Nações,1,25.0,Consultant
CESAR,1,27.0,Data Engineer
CESAR School,1,12.0,Other
CEVA SAUDE ANIMAL,1,19.0,Other
CHEP,1,11.0,Other
CHS América do Sul,1,30.0,HR
CIB Egypt,1,12.0,Other
CIEE - Centro de Integração Empresa-Escola,1,12.0,Other
CJ Recruitment,1,31.0,Consultant
"CLI - Integração, IA, Tax, Dados",1,21.0,HR
CLIMB,1,25.0,Consultant
CMO Vendas,1,12.0,Other
COCUS,1,26.0,Other
CONAPROLE,1,22.0,Other
CONEXIONHR - Recruiting Company,1,15.0,Other
COREX Logistics,1,32.0,HR
COS Global Services,1,28.0,Consultant
COSEM IAMPP,1,18.0,Other
CPQD,1,8.0,Other
CPqD,1,24.0,Data Analyst
CRS Hospital Provincia Cordillera,1,15.0,Other
CTS EVENTIM AG & Co. KGaA,1,20.0,Other
CUBE,1,29.0,HR
Caja Los Andes,1,12.0,Other
Caju,1,27.0,Product
Cambium Assessment,1,23.0,Project / Program Manager
Cambridge Family Enterprise Group (CFEG),1,12.0,Other
Canadian Solar Inc,1,12.0,Other
CandyCo LLC,1,27.0,HR
Cantinho da Hora Mini Mercado,1,15.0,Consultant
Capco Energy,1,33.0,Data Engineer
Capital Vision,1,15.0,Other
Capmation Inc,1,11.0,Other
Capri Partners,1,19.0,Consultant
Capriole Coffee Service | B Corp™,1,12.0,Other
CaptivateIQ,1,23.0,Product
Capua,1,18.0,Other
Carbon Group,1,12.0,Other
Carbon60,1,22.0,Consultant
Care&Co Uy,1,15.0,Other
Career Rebels,1,12.0,Other
Career Wizards,1,18.0,Other
Cargill,1,12.0,Other
Cargoo,1,27.0,HR
Caritasverband für den Landkreis Weilheim-Schongau e.V,1,12.0,Other
Carreira Z,1,19.0,Consultant
Caru Moràlles | Gestão de Pessoas e Carreiras,1,24.0,HR
Casa e Campo produtos agropecuários LTDA,1,8.0,Other
Cash Flow Positif,1,12.0,Other
CashMe,1,12.0,Other
Cataguá Capitólio,1,17.0,HR
Catalyze Group,1,12.0,Other
Catenon,1,18.0,Other
Cavalo Marinho Combustíveis Ltda,1,8.0,Other
Cayena,1,33.0,Data Engineer
Caylent,1,27.0,Data Engineer
Ceci Undurraga - HR & Business Services,1,15.0,Other
Cecotec,1,21.0,HR
Ceibo,1,33.0,HR
Centience,1,15.0,Other
Central IT - Tecnologia em Negócios,1,29.0,Software Engineer
Centro Universitário FMU | FIAM-FAAM,1,12.0,Other
Ceramica Santana De Alagoinhas,1,8.0,Other
Cere Network,1,25.0,Software Engineer
CerradinhoBio,1,17.0,HR
Certivity,1,27.0,HR
Cervecería Boliviana Nacional,1,30.0,HR
Cesla,1,23.0,Other
Change Recruitment,1,25.0,Consultant
Chassé Theater,1,12.0,Other
Checkmob,1,17.0,Operations
Cheil Worldwide,1,27.0,HR
Christian Pede,1,12.0,Other
Churchill Group,1,25.0,Other
Cinco tareas,1,13.0,Other
Circo Kroner,1,12.0,Other
Cisco,1,20.0,Operations
Clan,1,20.0,Other
Clara,1,18.0,Other
Claranet,1,36.0,Data Engineer
Clarios,1,18.0,Other
ClarityLane,1,12.0,Other
Clay,1,22.0,Other
ClearBlu Environmental,1,30.0,Operations
ClickHouse,1,12.0,Other
Clicksign,1,27.0,Data Engineer
Clikalia,1,27.0,HR
Clip,1,28.0,Other
Clube BoraFazer,1,8.0,Other
Clubio FST,1,18.0,Other
ClyntonBoss,1,24.0,Data Analyst
Clínica Athos,1,12.0,Other
Clínica Odonto Saúde & Estética Dental Clinic,1,15.0,Other
Clínica de Psicoterapia - Ame Rio Verde-GO,1,8.0,Other
Clínica particular Niños y adolescentes. Clinica del Niño Harwood Care,1,15.0,Other
Co-operators,1,12.0,Other
CoE | Centro de Excelência Votorantim,1,27.0,HR
Code Group,1,11.0,Other
CodeSmash,1,25.0,Software Engineer
CodeZone,1,15.0,Other
Coders Hire Private Limited,1,34.0,HR
Coforge,1,18.0,Other
CoinDCX,1,27.0,Data Engineer
Colegio integral minas,1,15.0,Other
Colegio y Liceo Hans Christian Andersen,1,28.0,Other
Collateral Partners (formerly BetterPitch),1,22.0,Other
Colégio Apoio,1,8.0,Other
Comax smart E.R.P,1,27.0,Product
Compagas,1,21.0,HR
Compass.uol,1,15.0,Consultant
Complexity Science Hub Vienna,1,12.0,Other
Comunidad Delosi,1,18.0,Other
ComunidadFeliz.com,1,24.0,HR
Cona Consultores,1,12.0,Other
Conductor,1,33.0,Data Engineer
Conecta 360º,1,19.0,Consultant
Conexa,1,8.0,Other
Conexões Psi,1,8.0,Other
Conflux,1,22.0,Consultant
Constructor,1,24.0,Data Analyst
Consultant / Self-Employed,1,27.0,Data Engineer
Consultora Citrino,1,22.0,Consultant
Consultorio privado,1,18.0,Other
Consultório Particular,1,8.0,Other
Consultório de Psicoterapia,1,12.0,Other
Convene,1,14.0,Other
Convert,1,18.0,Other
Convixion,1,34.0,HR
Coopeuch,1,24.0,HR
Cora,1,30.0,Data Scientist
CoreMatch UG (haftungsbeschränkt),1,12.0,Other
Corpo Forte Fitness Center,1,12.0,Other
Corporación AG,1,17.0,HR
Coursera,1,8.0,Other
Covetrus,1,34.0,HR
CreateFuture,1,20.0,Other
CredAluga,1,26.0,Other
Crescent Global LLC,1,24.0,Operations
Cresol Cooperativa,1,8.0,Other
CriticalRiver Inc,1,30.0,Data Engineer
Cuesta Partners,1,18.0,Other
Curbelo - Cianci & Asociados,1,15.0,Other
Cust2Mate - A2Z (Nasdaq:AZ),1,27.0,Product
Custom Market Insights™,1,18.0,Other
CyberHULL,1,22.0,Other
Cygnus Professionals Inc,1,14.0,Other
Cynergy2,1,20.0,Other
Círculo CRM,1,12.0,Other
DAC Beachcroft,1,19.0,Consultant
DAMEDIC GmbH,1,23.0,Other
DB Systel GmbH,1,19.0,Consultant
DB1 Group,1,25.0,Other
DC Beauty Cosmetics,1,12.0,Other
DC Engineers B.V,1,12.0,Other
DD Infosoft Pvt. Ltd. India,1,27.0,HR
DELPHIC GLOBAL,1,12.0,Other
DFL Deutsche Fußball Liga,1,21.0,HR
DHL Global Forwarding,1,21.0,HR
DNR Teleserviços,1,22.0,Other
DOJO - Smart Ways,1,24.0,Data Scientist
DOT LABS,1,27.0,Data Engineer
DPS - Das Prüfunternehmen,1,32.0,HR
DPT - Departamento de Polícia Técnica,1,11.0,Other
DUO GROUP,1,15.0,Consultant
DZ BANK AG,1,22.0,Other
DadosPower.com.br,1,47.0,Other
Dadosfera,1,8.0,Other
Dadoteca,1,12.0,Other
Daki,1,23.0,Other
Dall Energy,1,31.0,HR
Danubius IT Solutions,1,25.0,Other
Darwin Insurance,1,33.0,Data Engineer
Datial,1,32.0,HR
Daxtrio,1,12.0,Other
Deal,1,21.0,HR
Dedalus,1,39.0,Other
Deftsoft,1,34.0,HR
Delfia S/A,1,12.0,Other
Denholm Associates,1,23.0,Other
Department of Culture and Tourism – Abu Dhabi (DCT Abu Dhabi),1,12.0,Other
"Department of Posts, India",1,15.0,Other
Descartes Systems Group,1,32.0,Data Scientist
Descasio,1,31.0,HR
Descomplica,1,19.0,Consultant
Deutsche Angestellten Akademie (DAA),1,12.0,Other
Develative,1,26.0,Other
Developers-First,1,22.0,Other
Devoteam,1,15.0,Other
Diamond National Investments,1,38.0,HR
Dini,1,24.0,Operations
Dirección de Servicio de Salud Metropolitano Oriente,1,15.0,Other
Direzione Servizi Srl,1,12.0,Other
Dito CRM,1,21.0,HR
Dock,1,23.0,Other
Docket,1,25.0,Other
Doctolib GmbH,1,20.0,Other
Donna,1,12.0,Other
Dorko,1,31.0,HR
"Douro Acima-Transportes Turismo e Restauração, Lda",1,12.0,Other
Doutor Finanças,1,12.0,Other
Driva,1,25.0,Other
Dualis,1,27.0,Project / Program Manager
Dunbia Group,1,21.0,HR
Dutch TecSource B.V,1,12.0,Other
E.ON,1,20.0,Other
EAE Solutions,1,21.0,HR
EBANX,1,32.0,Data Scientist
EGPA Design,1,8.0,Other
ELIS,1,12.0,Other
ELOS CAPITAL HUMANO,1,15.0,Other
EMSERH - Empresa Maranhense de Serviços Hospitalares,1,25.0,Software Engineer
ENABL A/S,1,8.0,Other
EP Carreira e Recolocação,1,8.0,Other
EPI-USE DACH,1,38.0,Consultant
EQT Group,1,23.0,Other
ESSOR Seguros S.A,1,13.0,Other
ETEGEC,1,12.0,Other
ETFbook,1,27.0,Data Engineer
EUROCONTROL,1,19.0,Other
Easy Carros,1,50.0,Product
EcoVidaPlast,1,15.0,Consultant
Eden,1,23.0,Other
Edmunds,1,21.0,Other
Efí Bank,1,24.0,Data Analyst
Eixo Recursos Humanos,1,21.0,HR
El Barranquitruck,1,25.0,Other
Eldar,1,24.0,HR
Elegance Pharmaceuticals,1,12.0,Other
Elements,1,30.0,HR
Elevation,1,21.0,Other
Ello Pessoas e Negócios,1,15.0,Other
Em Transição de Carreira - In Career Transition,1,8.0,Other
Em breve novidades,1,18.0,Other
Emerging Venture Capital Fellows,1,12.0,Other
"Emers Vietnam Co ., Ltd",1,31.0,HR
Empresa Confidencial,1,19.0,Consultant
Empresas Melón,1,24.0,HR
Encuadrado,1,29.0,Other
Endeavor Labs,1,31.0,HR
Endress+Hauser Gruppe,1,23.0,Other
Enerquin,1,18.0,Other
Engemon Engenharia & Construção,1,23.0,Other
Engemon IT,1,21.0,HR
Engenova Construções,1,8.0,Other
English Path,1,12.0,Other
Enhance Fitness,1,19.0,Software Engineer
Enpal,1,12.0,Other
Epsilon Solutions Ltd,1,25.0,Other
Epsilon Solutions Ltd. SA de CV,1,20.0,Other
Eqib | The Human Factor,1,19.0,Consultant
EquiTalent,1,20.0,Other
Erzbistum Köln,1,12.0,Other
Escavador,1,24.0,HR
Escola Conquer,1,12.0,Other
Especialista em carreira,1,11.0,Other
Essent,1,27.0,Data Engineer
Essential BPO,1,12.0,Other
Estoca,1,11.0,Other
Estuary,1,30.0,Software Engineer
Etteplan,1,15.0,Consultant
Eureka - Consultores,1,15.0,Other
Eurofarma,1,20.0,HR
European Investment Bank (EIB),1,16.0,Other
European Society of Radiology,1,32.0,HR
Evers GmbH,1,12.0,Other
Evertec,1,18.0,Other
Eviden,1,23.0,Project / Program Manager
Exactpi Recruitment & More,1,22.0,Other
Exadel,1,33.0,Data Engineer
ExitLag,1,30.0,Data Engineer
Explortal Logistics,1,14.0,Operations
Extia,1,12.0,Other
F&J Consultants,1,27.0,Data Engineer
FAPESQ - Fundação de Apoio à Pesquisa do Estado da Paraíba,1,15.0,Other
FEDMA,1,12.0,Other
FICO,1,23.0,Other
FIEMG,1,12.0,Other
FITZ,1,18.0,Other
FLEXECHARGE,1,22.0,Other
FMCO,1,27.0,Data Engineer
FONPLATA,1,25.0,Consultant
FOURSYS,1,27.0,Product
FPC TISSUE S.P.A,1,15.0,Other
FS Partners,1,19.0,Consultant
FUNDACENTRO - Fundação Jorge Duprat Figueiredo de Segurança e Medicina do Trabalho,1,8.0,Other
Fabletics,1,12.0,Other
Faculdade Cesusc,1,15.0,Other
Faculdade de Tecnologia de Americana,1,12.0,Other
Fadel Transportes e Logística,1,25.0,Other
Falabella Financiero,1,15.0,Other
Familhão,1,25.0,Product
Familia en Equilibrio,1,15.0,Consultant
Farmacias Ahumada,1,21.0,Other
Farmacie Lombardi Group,1,12.0,Other
Farmacorp,1,18.0,Other
Farmers Insurance,1,27.0,Project / Program Manager
Farod Estatísticas,1,32.0,Data Scientist
Fast Dolphin,1,15.0,Other
Fatec São Bernardo do Campo Adib Moises Dib,1,15.0,Other
Fathom.io,1,36.0,Data Engineer
Fatto Umano RH,1,15.0,Other
FedEx,1,15.0,Other
Federal Seguridad,1,15.0,Other
Ferring Pharmaceuticals,1,33.0,Data Engineer
Fetcherr,1,15.0,Other
Fibra,1,22.0,Consultant
Finalyse,1,12.0,Other
Finch | Simplificando o mundo jurídico,1,31.0,HR
Fine & Country Algarve,1,24.0,Operations
Finik,1,25.0,Other
Fiquem Sabendo,1,23.0,Data Engineer
First Decision,1,12.0,Other
Fiserv,1,43.0,HR
Fixed,1,33.0,HR
Fizix,1,27.0,HR
Flash,1,20.0,Product
Flattrade,1,30.0,Project / Program Manager
Flow,1,15.0,Other
Fluency Academy,1,18.0,Other
Fondazione Policlinico Universitario Agostino Gemelli IRCCS,1,15.0,Other
ForbesBLK,1,12.0,Other
Forcion,1,38.0,Consultant
Forma Independiente,1,24.0,HR
Foxsoft Ltd,1,15.0,Software Engineer
Francal,1,24.0,HR
Fraunhofer Heinrich Hertz Institute HHI,1,12.0,Other
Fraunhofer IPK,1,12.0,Other
Freiberuflich,1,19.0,Consultant
Fresh Basket,1,24.0,Data Analyst
Frete.com,1,18.0,Other
Friedman,1,35.0,Consultant
Friisberg & Partners International,1,35.0,Other
FrontlineIQ,1,33.0,Data Engineer
Fundação Paulista de Tecnologia e Educação,1,15.0,Other
Fundação de Apoio à Pesquisa - FUNAPE,1,15.0,Other
Fundação para Inovações Tecnológicas - FITec,1,33.0,Data Engineer
G2i Inc,1,28.0,Consultant
GASCADE Gastransport GmbH,1,15.0,Other
GCB Investimentos,1,23.0,Other
GDF Soluções,1,12.0,Other
GEIA,1,12.0,Other
GEMMACON,1,12.0,Other
GEOM SpA,1,15.0,Other
GIS Energia e Construção,1,8.0,Other
GM Financial,1,36.0,HR
GNA - Gás Natural Açu,1,15.0,Other
GO2 Markets,1,27.0,Operations
GOL Linhas Aéreas,1,15.0,Other
GRNBK Talent,1,21.0,Consultant
GRUPO SARRALLE,1,21.0,HR
GRUPO UNICA SEGURANÇA PATRIMONIAL,1,18.0,Other
GVC Soluções em Cobrança,1,32.0,Data Scientist
Gabriel,1,23.0,Data Engineer
Gallagher,1,18.0,Other
Gallup,1,12.0,Other
Garden leave,1,12.0,Other
Gasoducto GasAndes S.A,1,24.0,HR
Gazin,1,22.0,Other
Gedanken - GCertifica,1,25.0,Other
Geeky Bugs,1,31.0,HR
Gemeente Voorne aan Zee,1,12.0,Other
General Motors,1,8.0,Other
Generali,1,20.0,Other
Genesys,1,20.0,Data Analyst
George Bernard,1,19.0,Consultant
Geovanna Mendes • Terapeuta Holística,1,12.0,Other
Gerando Falcões,1,15.0,Other
Gesta Soluciones en Recursos Humanos,1,24.0,HR
Gesthion Organizacional,1,22.0,Consultant
Gestión Global,1,15.0,Other
Get CHRO,1,19.0,Consultant
Getecsa,1,22.0,Other
Giggso,1,32.0,HR
GirlScript Summer of Code,1,12.0,Other
Glic Solutions,1,38.0,HR
Global Coach Consultores,1,23.0,Other
Global TI Tecnologia em Negócios,1,16.0,Other
Global Titanio SPA,1,26.0,Other
GlobalLogic,1,20.0,Other
Globaw Career,1,15.0,Other
Glovo,1,21.0,HR
Go Bigger,1,12.0,Other
Go Up Job,1,15.0,Other
Goal Prime,1,12.0,Other
Goldenergy,1,31.0,HR
Goldfish Group,1,29.0,Other
Goldstück Personaldienstleistungen,1,12.0,Other
Golin Ketchum,1,18.0,Other
Graco,1,34.0,HR
Grafeno,1,11.0,Other
Gran Services S.A,1,18.0,Other
Graphic Packaging International,1,29.0,Consultant
Greatleads,1,12.0,Other
Green River,1,27.0,Data Engineer
Greentube GmbH,1,34.0,HR
Grooo International,1,31.0,HR
Growdev,1,35.0,HR
Growth Hackerz,1,27.0,Data Engineer
Grupo AG,1,17.0,HR
Grupo AG Capital,1,12.0,Other
Grupo Aposta Ganha,1,19.0,Product
Grupo Artemp,1,7.0,Other
Grupo BOIS | Blank space| Freelan| 9db| Nuvalia,1,33.0,HR
Grupo Barigui,1,15.0,Other
Grupo Bio Holding,1,18.0,Other
Grupo Blanco,1,12.0,Other
Grupo Bolt,1,35.0,Data Scientist
Grupo Bonella,1,9.0,Other
Grupo Bringel Oficial,1,12.0,Other
Grupo Castillo - Reclutamiento y Selección,1,15.0,Other
Grupo Cindapa,1,18.0,Other
Grupo Condumax | Incesa,1,23.0,Other
Grupo Dipromedic,1,8.0,Other
Grupo ENESA - Página Oficial,1,18.0,Other
Grupo Energisa,1,12.0,Other
Grupo Falabella,1,24.0,HR
Grupo H2,1,27.0,Product
Grupo Hub,1,28.0,Consultant
Grupo JCA,1,22.0,Other
Grupo Leveros,1,21.0,HR
Grupo Líder,1,16.0,Other
Grupo Multilaser,1,20.0,Other
Grupo Mup,1,34.0,HR
Grupo Panvel,1,28.0,Consultant
Grupo Petrópolis,1,24.0,HR
Grupo Plata,1,19.0,Consultant
Grupo QuintoAndar,1,15.0,Other
Grupo SDH,1,21.0,Other
Grupo Sabin,1,24.0,HR
Grupo Shogua,1,32.0,HR
Grupo Suno,1,15.0,Consultant
Grupo Símios,1,8.0,Other
Grupo Taking,1,15.0,Other
Grupo Terra Firme,1,48.0,Other
Grupo Tombini,1,12.0,Other
Grupo Vorp,1,12.0,Other
Gruppo GETRA,1,21.0,HR
Guidance,1,17.0,HR
H+H The Match,1,12.0,Other
HAPEKO Österreich GmbH,1,18.0,Other
HEALTH2U-MX | VIBE BSA AESTHETICS,1,23.0,Other
HEART ME & FOLLOW,1,29.0,Other
HEMES,1,22.0,Other
HIF Global,1,15.0,Other
HONOR,1,28.0,Other
HOSPITAL IGESP,1,12.0,Other
HR Path,1,38.0,Consultant
HR factory GmbH,1,18.0,Other
HR-Werkstatt GmbH,1,12.0,Other
HRin,1,22.0,Operations
HR® Employment Bureau,1,25.0,Consultant
HVAR,1,21.0,HR
Halliburton,1,30.0,HR
Halton Borough Council,1,12.0,Other
Hand Talk by Sorenson,1,33.0,Data Engineer
Happiness,1,12.0,Other
Haptiq,1,23.0,Other
Hardwork Medicina,1,12.0,Other
Harness,1,25.0,Other
Hasten Group,1,25.0,Consultant
Hattrick IT,1,26.0,Other
Havas Play 🇫🇷,1,12.0,Other
Health3A,1,19.0,Software Engineer
HealthBit | Inteligência em Saúde,1,30.0,Data Analyst
Healthcare Personalmanagement GmbH,1,25.0,Consultant
Heidrick & Struggles,1,23.0,Project / Program Manager
Helios HR Talent,1,15.0,Consultant
Helios Kliniken GmbH,1,20.0,Other
HelloFresh,1,12.0,Other
Helplearte,1,25.0,Consultant
Hexagon Global Services Inc,1,22.0,Other
Hexagon Mining,1,24.0,HR
HiBob,1,24.0,Data Analyst
HiPo Executive GmbH | Ärztevermittlung,1,25.0,Other
Hibernian Recruitment GmbH,1,41.0,Other
Hiker Ventures,1,12.0,Other
Hindustan Aeronautics Limited,1,7.0,Other
Hire International,1,22.0,Other
Hired,1,22.0,Consultant
Hired Remoteli,1,26.0,Other
Hireline.io,1,25.0,Other
Hirevue,1,27.0,Product
Hirsch Personalberatung,1,21.0,HR
Hit Ocean,1,31.0,HR
HitOcean,1,21.0,Other
Holding Incosec,1,15.0,Other
Home2 Suites by Hilton,1,8.0,Other
HomeBuddy,1,27.0,Data Engineer
Hotel Campo Marzio,1,12.0,Other
How to Change the World,1,15.0,Software Engineer
Howdy.com,1,28.0,Other
Hub Infinity,1,19.0,Consultant
HubSync,1,20.0,Operations
Human Phi,1,24.0,Other
Humana,1,30.0,Consultant
Humana Mente - Salud Mental y Desarrollo Organizacional,1,38.0,HR
Humanitas DMH - dienstverlening aan mensen met een hulpvraag,1,12.0,Other
IAM meet,1,12.0,Other
IBRA+ Carreira e Recolocação Assertiva,1,8.0,Other
ICT Group,1,22.0,Other
ICTS,1,20.0,Data Scientist
ID.me,1,22.0,Other
ID\TBWA,1,22.0,Other
IEEE,1,18.0,Other
IFSP - Campus Salto,1,12.0,Other
IKEA,1,24.0,HR
IKO International,1,21.0,Other
ILERWORK,1,19.0,Consultant
IMA - Instituto Mineiro de Agropecuária,1,12.0,Other
IMG Courses,1,22.0,Other
IMPS The Smurfs,1,25.0,Other
IMS People Possible,1,19.0,Consultant
INELCOM,1,15.0,Other
INFINIA,1,30.0,HR
ING Italia,1,54.0,Data Engineer
INSTITUTO RAMA,1,12.0,Other
INSYS icom,1,19.0,Consultant
IO TECNOLOGIA E SERVICOS LTDA,1,12.0,Other
IORQ,1,23.0,Other
IP Soluções em RH,1,19.0,Consultant
IQVIA,1,27.0,Data Engineer
ITF CHEMICAL LTDA,1,8.0,Other
IU Group,1,23.0,Other
IZZON LAB,1,15.0,Other
Ibmec,1,12.0,Other
Ici - Instituto das Cidades Inteligentes,1,8.0,Other
Ikatec,1,24.0,HR
Images Group,1,12.0,Other
Immobilien Robert Ellinghoven,1,12.0,Other
Impala Search,1,22.0,Consultant
Impel Talent,1,15.0,Other
InBetta,1,16.0,Other
InCompany 🚀,1,15.0,Other
InSync Jobs,1,22.0,Other
Inchcape Américas,1,23.0,Other
Independiente (freelance),1,15.0,Consultant
Inditex,1,16.0,Other
Infinite Computer Solutions,1,27.0,Data Engineer
Infinite Lambda,1,27.0,Consultant
Influur,1,26.0,Other
InfoPrice,1,30.0,Data Engineer
Inkora,1,12.0,Other
InnovArise by Grupo AG,1,8.0,Other
Inove Drywall e Steel Frame,1,12.0,Other
Insi,1,8.0,Other
Insider Store,1,27.0,Product
Insight Assurance,1,25.0,Other
Inspira Rede de Educadores,1,27.0,Data Engineer
Instituto Alma Empreendedora,1,42.0,Consultant
Instituto Atlântico,1,27.0,Data Engineer
"Instituto Federal de Educação, Ciência e Tecnologia do Ceará",1,12.0,Other
Instituto Nacional de Colonización,1,15.0,Other
Instituto Nacional de Telecomunicações - Inatel,1,27.0,Project / Program Manager
Instituto Profesional IPP,1,15.0,Other
Instituto de Pesquisas Eldorado,1,12.0,Other
Inteliteam,1,15.0,Other
IntelliPro,1,27.0,Project / Program Manager
Inter&Co,1,20.0,Other
InterEx Group,1,24.0,Data Analyst
Intermedia,1,25.0,Other
International Rescue Committee,1,35.0,Software Engineer
"International Talent Leader, Advisor & Business Coach",1,29.0,Consultant
Intertec International,1,31.0,Other
Intone Networks Inc,1,12.0,Other
Inttegra,1,23.0,Other
InvGate,1,22.0,Other
Invenergy,1,11.0,Other
Invillia,1,21.0,Other
Involves,1,30.0,Data Engineer
Ion Interactive,1,18.0,Other
IonQ,1,15.0,Other
Ipsos,1,22.0,Other
Iqnus Tecnologia,1,22.0,Other
Istituto Comprensivo,1,12.0,Other
JD Casa & Construção,1,12.0,Other
JEM Systems,1,20.0,Data Analyst
JEMS,1,25.0,Other
JMAN Group,1,12.0,Other
JPMorganChase,1,11.0,Other
Jadara Solutions,1,20.0,Other
Jambo Education Ltd,1,25.0,Consultant
Janina Ott - systemische Beratung/Coaching,1,12.0,Other
Jfm Industria e Comercio LTDA,1,15.0,Other
JobInside UG,1,12.0,Other
JobTeaser,1,12.0,Other
Jobcrown GmbH,1,27.0,Consultant
Jobscan,1,15.0,Other
Jobwal,1,18.0,Other
Join Talent,1,12.0,Other
Jornada de Dados,1,12.0,Other
Jumbo Supermarkten,1,27.0,Data Engineer
Jump,1,27.0,Data Engineer
Jumpstart Immigration,1,12.0,Other
Junto Seguros,1,17.0,HR
Just Eat Takeaway.com,1,27.0,Data Engineer
Juvo,1,21.0,HR
KA Resources Recruitment SL,1,15.0,Other
KELTIS,1,22.0,Other
KI people,1,12.0,Other
KIS Solutions,1,27.0,Data Engineer
KONCILI,1,15.0,Other
KWAN,1,33.0,Data Engineer
Kajae,1,15.0,Other
Kantar,1,8.0,Other
Kasparov Finance & BI,1,19.0,Consultant
Kata Vegh Psychologist,1,12.0,Other
Kazulo Displays,1,18.0,Other
Keboola,1,22.0,Other
Keeta,1,15.0,Other
Kelly México,1,21.0,Other
Ketterer Kunst GmbH & Co. KG,1,21.0,HR
Kids First COP groep,1,15.0,Other
Kimberly-Clark,1,18.0,Other
Kinebot,1,23.0,Other
Kipper Dev,1,15.0,Other
Kleinkunstig,1,39.0,Other
Kliente 360,1,31.0,Data Engineer
Koc Electro,1,12.0,Other
Koda Staff,1,27.0,Consultant
Kodros | Financials voor gemeenten,1,19.0,Consultant
Konecta,1,12.0,Other
KooKoo Strategy,1,12.0,Other
Kora Saúde,1,7.0,Other
Kordsa,1,18.0,Other
Kovi,1,15.0,Other
Kozijnmakers B.V,1,12.0,Other
Krones,1,18.0,Other
Kueski,1,25.0,Other
Kumulus,1,27.0,Data Engineer
Kunumi,1,12.0,Other
Kyndryl,1,18.0,Other
L'Oréal,1,25.0,Other
LAUTEC Group,1,31.0,HR
LCM Energy,1,19.0,Other
LCM Sports and Pet Products,1,20.0,Operations
LG CNS,1,30.0,Data Engineer
LG Consultores,1,8.0,Other
LGT Transport,1,31.0,Other
LHP Engineering Solutions,1,32.0,Other
LKS NEXT,1,19.0,Consultant
LOCUMPRO GmbH,1,12.0,Other
LUÁ Centro de Orientación Integral,1,18.0,Other
LYNK Human Capital,1,26.0,Other
La Caja de Ahorro y Seguro,1,18.0,Other
LabPro,1,12.0,Other
Laghetto,1,24.0,HR
LanceSoft UAE,1,18.0,Other
teceo,1,27.0,Data Engineer
Lapônia - Concessionário de Caminhões e Chassis de Ônibus Volvo,1,35.0,HR
Larissa Sanford,1,12.0,Other
Lauren & Jose,1,22.0,Consultant
LeadHRM,1,24.0,Operations
Leaders Lifestyle,1,12.0,Other
Leads2b,1,24.0,Operations
Lean Solutions Group,1,23.0,Other
LeanConvert,1,24.0,Data Analyst
talentsconnect Group,1,20.0,Other
Lenovo,1,20.0,HR
Lenovo PCCW Solutions,1,25.0,Other
Leroy Merlin,1,21.0,HR
Lesaffre,1,20.0,Other
Level.works,1,19.0,Consultant
LevelUP HCS,1,22.0,Consultant
Lifemate Furniture,1,22.0,HR
Lighthouse,1,27.0,HR
Lightsound Group,1,27.0,HR
Link School,1,15.0,Other
Linuxell Informática,1,23.0,Product
Lisalog Operador Logístico,1,8.0,Other
Litcessory,1,27.0,HR
LivaNova,1,15.0,Other
Livre Escolha,1,12.0,Other
Local Restaurant & Pastry Shop,1,12.0,Other
Loft,1,25.0,Product
Logging-In.com Inc,1,22.0,Other
Logic Pursuits,1,39.0,Data Engineer
Lojas Eskala,1,22.0,Data Analyst
++hellohello,1,25.0,Other
Lovas IT,1,20.0,Other
Lovely,1,22.0,Other
LoyaltyCom,1,18.0,Other
Luby,1,26.0,Project / Program Manager
Luiza Dominguez,1,15.0,Other
Lusitania,1,18.0,Other
Luxor Group,1,12.0,Other
Lyric,1,12.0,Other
MABI,1,17.0,Operations
MAD Search Talent,1,15.0,Other
MARS Solutions Group,1,20.0,Other
MATH,1,29.0,HR
MATH Group,1,27.0,Data Engineer
MCC Label,1,34.0,HR
MEGGLE GmbH & Co. KG,1,12.0,Other
MG Manutenção,1,8.0,Other
MHP – A Porsche Company,1,12.0,Other
MIT Sloan School of Management,1,22.0,Other
MODIFI,1,22.0,BI Analyst
MOONTON GAMES,1,12.0,Other
MOZAYDO,1,23.0,Other
MPS Partners,1,22.0,Consultant
MSL Corporate,1,37.0,HR
Macrosol Energia Solar,1,15.0,Consultant
mattilda,1,30.0,HR
Magneto,1,25.0,Other
meutudo,1,8.0,Other
MakeValue,1,12.0,Other
Mallette,1,15.0,Other
Maltem Asia-Pacific,1,12.0,Other
Mandomedio Perú,1,22.0,Consultant
Manserv,1,8.0,Other
Maplink,1,15.0,Other
Maria Enterprise,1,27.0,Project / Program Manager
MariaDB,1,12.0,Other
Markel,1,30.0,Data Engineer
Markus Schmidleitner - Villa Bergzauber,1,12.0,Other
Marlabs,1,23.0,Data Engineer
Marlabs LLC,1,19.0,Consultant
Mars,1,20.0,Other
Masentó Group,1,19.0,Consultant
Masterplan.com,1,21.0,HR
Masterschool,1,23.0,Other
Mattos Engelberg Echenique Advogados,1,8.0,Other
moOngy,1,30.0,Project / Program Manager
Mayo Clinic,1,18.0,Other
Measurelab,1,35.0,Data Engineer
MedSênior,1,27.0,Data Engineer
MedTec - Medicina Técnica,1,15.0,Other
Medina Consultores,1,18.0,Other
Medway,1,23.0,Other
Mega distribuidora de cosméticos,1,18.0,Other
Mein Leben,1,12.0,Other
MelhorPlano.net,1,22.0,HR
Mels Brushes Comercial,1,13.0,Other
n1co,1,12.0,Other
Mench-adv 'מנצ,1,23.0,Other
Meng GmbH,1,12.0,Other
Mentor vzw,1,12.0,Other
Mercado Bitcoin,1,27.0,Product
Mercafacil,1,27.0,Product
Mercury Theatre,1,13.0,Other
MessageMatch,1,14.0,Other
Metso,1,18.0,Other
Meu bess,1,12.0,Other
Mewa,1,17.0,Project / Program Manager
Mibbers,1,15.0,Software Engineer
Michelin,1,24.0,HR
Microlins,1,15.0,Other
Midway,1,27.0,Product
Mignow,1,28.0,Product
MindBase,1,12.0,Other
MindMiners,1,18.0,Other
Mindbody,1,23.0,Product
Mindera,1,23.0,Product
Mindful Concepts,1,25.0,Other
Mineradores,1,16.0,Consultant
Minerva Foods,1,22.0,Other
Ministerie van Defensie,1,22.0,Other
Ministério da Cultura,1,27.0,Data Engineer
MintMe.com,1,11.0,Other
Mirante Tecnologia,1,21.0,HR
Miro,1,22.0,Other
Mixam,1,20.0,Data Analyst
Mobi2buy,1,15.0,Other
Modern Health,1,23.0,Other
nectar,1,30.0,Data Scientist
Monee,1,13.0,Other
Monest,1,27.0,Product
Monks,1,24.0,HR
Monta,1,32.0,HR
Montash,1,25.0,Consultant
Montes del Plata (Stora Enso & Arauco),1,34.0,HR
Montreal Oficial,1,44.0,Project / Program Manager
Moody's Corporation,1,15.0,Software Engineer
nexwave,1,27.0,Consultant
nivela,1,15.0,Other
Movizzon,1,25.0,Other
Multiplica,1,18.0,Other
Multiplica Talent,1,37.0,Other
MurryConsult LLC,1,21.0,HR
Mushtari Capital,1,12.0,Other
Muybridge,1,46.0,Consultant
Mycon,1,21.0,HR
Méliz,1,8.0,Other
MİTAS GROUP,1,13.0,Other
notro,1,23.0,Other
NACHO Sales,1,12.0,Other
NAVA · Executive Support & Growth,1,21.0,Other
NEORIS,1,21.0,HR
NETZSCH Group,1,18.0,Other
NEX Energy,1,15.0,Other
NEXA,1,15.0,Other
NGAGE,1,12.0,Other
NIR-YU,1,29.0,Software Engineer
NJF Global Holdings Ltd,1,18.0,Other
openEuler,1,12.0,Other
NTT Ltd,1,27.0,HR
otimizar.me,1,12.0,Other
Nanovest,1,24.0,Data Analyst
Nasir Float Glass Industries Ltd,1,12.0,Other
National Service Scheme,1,15.0,Other
praktischArzt & Medi-Karriere – pA Medien GmbH,1,12.0,Other
Naviera Integral,1,24.0,HR
Nebula Partners LLC,1,44.0,Other
prismat GmbH,1,29.0,Consultant
Nenya GmbH,1,25.0,Other
Neobpo,1,13.0,Other
Neodent,1,21.0,HR
richter & heß VERPACKUNGEN,1,16.0,Other
Neogrid,1,24.0,HR
slantis,1,38.0,HR
Nessentis,1,21.0,HR
softgarden e-recruiting GmbH,1,22.0,Other
Net Temps Limited,1,12.0,Other
NetExpat,1,22.0,Consultant
Netex Group,1,21.0,Other
Netfive,1,25.0,Other
Netrin,1,27.0,HR
Neue Narrative,1,12.0,Other
Neumüller Elektronik GmbH,1,12.0,Other
Newnew | Educação Corporativa,1,12.0,Other
Newsela,1,29.0,Data Engineer
NewtonX,1,18.0,Other
NexCen Global Inc,1,22.0,Other
#ONO (Open to New Opportunities),1,25.0,Other
Nexocorp,1,18.0,Other
Nickel,1,33.0,Data Engineer
Nidec Corporation Global,1,21.0,HR
NielsenIQ,1,32.0,Data Scientist
Nigra - Gestão da Mudança e Cultura Organizacional,1,34.0,HR
Nike,1,20.0,Data Analyst
Nodos Hub,1,46.0,Other
AB Mauri Uruguay (Fleischmann - Terry),1,62.0,HR
Nomad Career,1,22.0,Other
Nord Group,1,12.0,Other
ADEPARA,1,12.0,Other
ADMIRAL Group,1,21.0,HR
AE Talents Group Inc,1,31.0,HR
Nouvel Talent,1,28.0,Consultant
Nova,1,22.0,Other
AEP Talento,1,15.0,Other
NuageIT,1,54.0,Data Engineer
Nurtur,1,25.0,Other
Nutrata,1,28.0,Other
Nômad Recursos Humanos,1,24.0,HR
Núclea,1,27.0,Data Engineer
O Novo Mercado,1,20.0,Other
O'Reilly Media,1,23.0,Product
OBSS,1,31.0,Consultant
OM Housing,1,22.0,Other
ONE HIRING,1,20.0,Other
OPLIUM,1,12.0,Other
AGCO Corporation,1,20.0,HR
OSPA,1,15.0,Other
Oasis Infobyte,1,38.0,Other
Obrela,1,27.0,HR
Ocean Investment,1,12.0,Other
Ocean Network Express,1,30.0,HR
Octafy LAD,1,19.0,Consultant
Octopus Energy,1,20.0,Other
Odeabank,1,22.0,HR
Odebrecht Angola,1,8.0,Other
Oderço,1,15.0,Other
Odido Nederland,1,12.0,Other
OdontoCompany,1,18.0,Other
AGGRANDIZE,1,15.0,Other
OllyGarden,1,22.0,Software Engineer
Omie,1,18.0,Other
OmniChat,1,23.0,Data Engineer
OneSource,1,18.0,Other
Onis Welzijn,1,12.0,Other
Onix,1,44.0,Other
Oolooroo.io,1,15.0,Other
AGL Solutions,1,8.0,Other
Open (YC W24),1,29.0,HR
OpenCON,1,12.0,Other
OpenTalent,1,12.0,Other
Openbaar Ministerie,1,12.0,Other
Opny,1,12.0,Other
Oppem,1,24.0,Data Analyst
Optiflow,1,8.0,Other
Optimum Solutions Pte Ltd,1,19.0,Consultant
Optum,1,18.0,Other
OpusClip,1,21.0,Other
OrangeLoops,1,21.0,Other
Orbital Gaming,1,21.0,Software Engineer
Orion Talent,1,22.0,Other
Ortobom,1,22.0,Other
Overmind,1,23.0,Other
Owen Daniels,1,19.0,Consultant
PALAS,1,12.0,Other
PBCN GmbH,1,18.0,Other
AK Business Intelligence LLC,1,19.0,Consultant
PKF Attest,1,21.0,HR
PKF Uruguay,1,43.0,Other
ALGORTA S.A,1,28.0,Other
PROTA,1,30.0,HR
"PSA Sines, S.A",1,32.0,HR
PUCRS Carreiras,1,8.0,Other
PUMA Group,1,24.0,HR
Pacífico Seguros,1,15.0,Other
Page Contracting,1,25.0,Other
Page Executive,1,25.0,Other
ALLOS,1,27.0,Data Engineer
ALLPS,1,31.0,Other
Pantheon Inc,1,12.0,Other
Paperlike,1,23.0,Other
Papp Logistics,1,22.0,HR
"Paragon Films, Inc. México",1,27.0,HR
ParallelStaff,1,25.0,Other
Parcelhero,1,12.0,Other
Pasquali Solution,1,12.0,Other
PassCard,1,25.0,Other
Patinhas Online,1,15.0,Other
Patriot Real Estate,1,27.0,HR
Patton Labs Inc,1,27.0,Project / Program Manager
Payoneer,1,24.0,Data Analyst
ALTAVE,1,21.0,HR
PdH | Partei der Humanisten,1,12.0,Other
AMEWAS,1,16.0,Other
Pearson,1,27.0,Data Engineer
Pecege,1,12.0,Other
PenFed Credit Union,1,32.0,Other
Pensecom - Inteligência em Recursos Humanos,1,21.0,HR
Pentágono Engenharia,1,21.0,HR
People Made Machines,1,30.0,Data Scientist
People55,1,8.0,Other
Peoplematters,1,19.0,Consultant
Peoples Republic,1,19.0,Consultant
AMKmotion GmbH + Co KG,1,23.0,Other
Performa_IT,1,25.0,Project / Program Manager
Periferia IT Group,1,25.0,Other
Peritus Partners,1,12.0,Other
Persistent Systems,1,27.0,Software Engineer
PersonalGlobal,1,21.0,HR
Personalhaus Gruppe,1,12.0,Other
Perspective Dragon,1,16.0,Other
Pertemps Network Group,1,19.0,Consultant
Pessoa Jurídica,1,15.0,Consultant
Peter Park,1,20.0,Other
AMZ Ad Firm,1,22.0,Consultant
Petrobahia S.A,1,8.0,Other
Pharmbills,1,21.0,Other
ANWB,1,18.0,Other
AP BEVERAGE,1,21.0,HR
Pif Paf Alimentos,1,27.0,HR
PinkRoccade Local Government,1,12.0,Other
APLLOS,1,33.0,Data Engineer
Pipol | Recrutamento Industrial,1,12.0,Other
Pismo,1,18.0,Other
Planet,1,33.0,Data Engineer
Planet Earth,1,12.0,Other
Planville GmbH,1,12.0,Other
Plarium,1,12.0,Other
Platonix AG,1,24.0,HR
Pobre Juan,1,22.0,Consultant
Polar,1,8.0,Other
Polis Immobilien AG,1,12.0,Other
Polícia Militar do Distrito Federal - PMDF,1,12.0,Other
Pontifícia Universidade Católica do Rio Grande do Sul,1,15.0,Other
Porsche,1,12.0,Other
PortX,1,55.0,Consultant
Porto,1,49.0,Other
Portobello Grupo,1,44.0,HR
Posedio GmbH,1,23.0,Other
APOIO ACADEMIC,1,12.0,Other
PostHog,1,12.0,Other
Postbeamtenkrankenkasse,1,12.0,Other
Potencializando Talentos,1,12.0,Other
APPLICA CORP,1,15.0,Other
PragetX,1,34.0,HR
Praxis,1,12.0,Other
Prefeitura Municipal de Aporé,1,8.0,Other
Prefeitura Municipal de Entre Rios,1,8.0,Other
Prefeitura Municipal de Guarujá,1,12.0,Other
Prefeitura Municipal de Lauro de Freitas,1,9.0,Other
Prefeitura Municipal de Poços de Caldas,1,22.0,Consultant
Prefeitura Municipal de Simão Pereira,1,8.0,Other
APSCo,1,22.0,Other
Premier Logistics Gestão Empresarial,1,10.0,Operations
Presence Tecnologia,1,15.0,Other
Prevemt Medicina Do Trabalho,1,12.0,Other
PrimeHire,1,27.0,Machine Learning / AI
Priner,1,7.0,Other
Privacy,1,19.0,Product
Privat,1,12.0,Other
ProLeads Company,1,24.0,HR
ProV International,1,25.0,Other
Procter & Gamble,1,8.0,Other
Procuradoria Geral do Município de Niterói,1,12.0,Other
Procurement Garage,1,15.0,Other
Productized,1,12.0,Other
Profesional Independiente,1,25.0,Consultant
"AQUA Information Systems, Inc",1,18.0,Other
Professor Particular,1,12.0,Other
ARCA Mobility as a Service,1,32.0,HR
ARIMANY Selecció de Talent,1,19.0,Consultant
ARTEMIS Augenkliniken und med. Versorgungszentren,1,12.0,Other
Projeto Coragem Singular,1,8.0,Other
Projjetta Tecnologia em Dados,1,27.0,Data Engineer
Promon Engenharia,1,9.0,Other
Prosigliere,1,35.0,Data Engineer
Prospect Wallet,1,18.0,Other
Prosperity Behavioral India Pvt Ltd,1,12.0,Other
Proxity,1,22.0,Other
Proyectos Engineering,1,28.0,Other
Psicotran Avaliação Psicológica,1,12.0,Other
Psicóloga Clínica Autônomo,1,15.0,Other
Psicóloga Maria Eduarda D' Errico,1,8.0,Other
"Public Prosecutor’s Office, Paraná State",1,13.0,Other
ASSA ABLOY Group,1,15.0,Other
Pão da praça,1,8.0,Other
Q-logic,1,12.0,Other
QPC Engenharia,1,8.0,Other
ASSERTIZE,1,28.0,HR
QUALIFICAR TI,1,12.0,Other
Qive,1,27.0,Data Engineer
Qualitas Electronics Ltd,1,27.0,Other
Qualitti Sviluppo Srl,1,12.0,Other
ATIVU Tecnologia | Gestão de Custos e Ativos de TI e Telecom,1,24.0,Data Scientist
Quantum,1,21.0,HR
Quantum Rise,1,12.0,Other
QuantumVoice,1,24.0,Data Scientist
AVA Bioenergia,1,21.0,HR
AVANTTi,1,33.0,Data Engineer
AXIA Energia,1,15.0,Other
R2D Top Talent,1,15.0,Other
RAFATELLA INVESTIMENTOS,1,8.0,Other
RCI Latinoamérica,1,50.0,Other
Aarin,1,15.0,Other
RED Innovations,1,22.0,BI Analyst
REP Seguros Corporativos,1,21.0,HR
RGM Tecnologia Inteligência e Processos,1,12.0,Other
RHGestor By Sólides,1,18.0,Other
RHS Premium,1,8.0,Other
RL JOB SERVICES SRL,1,21.0,HR
RM Gente e Gestão,1,30.0,HR
RMT Labs SA,1,12.0,Other
ROCKSOLID Personalvermittlung GmbH,1,19.0,Consultant
ROSEN,1,17.0,HR
RSA Serviços Inteligentes,1,15.0,Consultant
RTE Rodonaves,1,21.0,HR
Aarohaan Sales and Services,1,25.0,HR
RandomTrees,1,21.0,Other
Aays,1,20.0,Other
Abbott,1,22.0,Other
Raízen,1,23.0,Data Engineer
ReSimple,1,27.0,HR
ReSus Consult GmbH,1,32.0,Consultant
Ready,1,20.0,Other
Realty of America,1,18.0,Other
Rec2IT,1,12.0,Other
Abercrombie & Fitch Co,1,28.0,Data Engineer
Recast,1,20.0,Other
Reclame AQUI,1,17.0,HR
Recruitment Circle,1,25.0,Consultant
Red Bull,1,23.0,Machine Learning / AI
Red Hat,1,27.0,Machine Learning / AI
RedScreen (Pty) Ltd,1,15.0,Other
Abradi,1,12.0,Other
Rede D'Or São Luiz,1,25.0,Other
Reed Elsevier Philippines,1,18.0,Other
Reed Recruitment Malta,1,19.0,Consultant
Reflex Aerospace,1,18.0,Other
Remax Siimgroup,1,12.0,Other
Remote,1,29.0,Consultant
RemoteUp,1,29.0,Consultant
Renta Nacional Seguros Generales,1,33.0,HR
Rentcars,1,19.0,Other
Rentokil Initial,1,34.0,HR
Academia RH+,1,8.0,Other
República Microfinanzas S.A,1,15.0,Other
Resend,1,15.0,Software Engineer
ResourceTree Global Services,1,27.0,HR
Ressignifique Núcleo de Psicologia,1,12.0,Other
Revelo,1,20.0,Other
Revent Labs,1,31.0,HR
RevenueCat,1,30.0,Data Scientist
Revenus,1,25.0,Other
Reward Gateway,1,15.0,Other
Rh Ribeirão,1,12.0,Other
Rioquímica S.A,1,21.0,HR
Risk Women,1,12.0,Other
Academia do Dev,1,8.0,Other
Access Bank Plc,1,27.0,Data Engineer
Robot.com,1,15.0,Other
Robots & Pencils,1,29.0,Other
Achs Seguro Laboral,1,21.0,Other
Rodobens,1,12.0,Other
Rogo,1,12.0,Other
Roland Berger Strategy Consultants,1,18.0,Other
Romeu,1,12.0,Other
Rotem Industries Ltd (Corporation),1,46.0,HR
Rove,1,12.0,Other
Actinver,1,21.0,HR
Active Recruitment SEN Ltd,1,19.0,Consultant
RulesIQ,1,12.0,Other
Rumo,1,23.0,Project / Program Manager
S-Communication Services GmbH,1,12.0,Other
SAFR from RealNetworks,1,28.0,Data Scientist
SANDRO,1,12.0,Other
SARIA Group,1,20.0,Other
Activo.uy,1,35.0,HR
SBB CFF FFS,1,15.0,Other
SCOH,1,12.0,Other
SCP SINTERSA,1,12.0,Other
SCUBE,1,21.0,Other
SD Consultora de Empresas Familiares,1,22.0,Consultant
SDNA GLOBAL,1,25.0,Consultant
SE Mentor Solutions,1,30.0,HR
SEK Security Ecosystem Knowledge,1,37.0,Other
SEO International Conference Karachi,1,33.0,Other
SET University,1,20.0,Other
"SIMaP, Grenoble",1,8.0,Other
SKF Group,1,12.0,Other
SLC Agrícola S/A,1,29.0,Data Engineer
SOFTGAMES,1,32.0,HR
SOLCOM GmbH,1,12.0,Other
SOLVACE,1,21.0,HR
Addepto,1,15.0,Other
SP+ Escolas,1,18.0,Other
SPL Engenharia,1,15.0,Other
SPRO,1,34.0,Consultant
SQUARE CITY,1,19.0,Consultant
SRCon GmbH,1,19.0,Consultant
ST Consultores,1,15.0,Other
STRONG Conveniada FGV,1,8.0,Other
STX Next,1,23.0,Other
Addi,1,22.0,Other
Ademicon,1,22.0,Other
SUSONITY,1,22.0,Other
SVPM | Mineração Serra Verde,1,19.0,Consultant
Sabbatical AG,1,12.0,Other
Sabesp,1,17.0,Project / Program Manager
Safra,1,12.0,Other
Salas Montalvo,1,22.0,Other
Salentus,1,12.0,Other
SalesPoint Incorporation,1,33.0,HR
Saleshandy,1,25.0,Other
Sanar,1,20.0,Data Scientist
Sancho BBDO,1,24.0,HR
Sanctuary Personnel,1,25.0,Consultant
Aden,1,12.0,Other
Saturam,1,21.0,HR
Sauter,1,38.0,HR
Savant Network,1,29.0,Other
Savener,1,32.0,HR
Sbl.so,1,19.0,Consultant
Scala,1,19.0,BI Analyst
Scale Healthcare ( India ),1,19.0,Other
Scheer Group,1,12.0,Other
Scheidtweiler Strategie,1,12.0,Other
Schneider Electric,1,18.0,Other
Scienza Uruguay,1,48.0,Other
ScoraS,1,15.0,Software Engineer
Scotiabank,1,18.0,Other
Scotiabank Uruguay,1,40.0,Other
Search Advise GmbH,1,22.0,Other
Search Atlas,1,24.0,HR
Seatrium,1,8.0,Other
"Seguros, tendencias y riesgos SURA",1,16.0,Other
Adm Moveis E Design,1,12.0,Other
Adylog S.A.S,1,15.0,Other
Self-Employed,1,12.0,Other
Adão Imóveis,1,17.0,HR
Sellbie,1,20.0,Data Analyst
Selpe Gente e Gestão,1,24.0,HR
Aegea Saneamento,1,7.0,Other
Sentry,1,21.0,HR
Serena,1,33.0,Data Engineer
Serpro,1,27.0,Data Engineer
ServiceRocket,1,21.0,HR
Servicio de Salud Metropolitano Central,1,15.0,Other
Sfera Legal,1,27.0,HR
Shape,1,27.0,Data Engineer
Share People Hub,1,15.0,Other
ShareCV,1,31.0,HR
SharePrime,1,17.0,HR
Shell,1,35.0,Other
Aegro,1,25.0,Product
Aerosend,1,15.0,Other
Sicoob Confederação,1,35.0,Other
Silicon,1,12.0,Other
Silveira Contabilidade,1,12.0,Other
Simon-Kucher,1,23.0,Other
Sirato Group,1,12.0,Other
Sistema FIERGS,1,12.0,Other
Sitel Panamá,1,18.0,Other
Six Stars Agency,1,12.0,Other
Skalbach GmbH,1,12.0,Other
Skyone,1,27.0,Data Engineer
Sleek de empire,1,25.0,Other
Smart Fit,1,25.0,Other
SmartChoice International Limited,1,35.0,Consultant
Smartsheet,1,12.0,Other
Aerospace,1,8.0,Other
Sociedade Beneficência e Caridade Lajeado - Hospital Bruno Born (HBB),1,12.0,Other
Society of Petroleum Engineers International,1,22.0,Other
Afriam International,1,23.0,Other
SoftDoes,1,46.0,HR
SoftSystem IT,1,27.0,Data Analyst
Softonic,1,12.0,Other
Afya,1,18.0,Other
Agile Inc,1,12.0,Other
Solar Coca-Cola,1,18.0,Other
Solutis Tecnologias,1,8.0,Other
SolvePlan,1,23.0,Other
Sonoco,1,20.0,HR
Agile Lab,1,27.0,Data Engineer
Source Resources Pvt. Limited,1,18.0,Other
Sourcicle,1,19.0,Consultant
Sozial-Konzept AG,1,12.0,Other
SpaceDev,1,15.0,Other
Spark,1,22.0,Other
Sparkasse Hannover,1,12.0,Other
Agir,1,22.0,Other
Spassu,1,21.0,Other
SpeedMart,1,31.0,HR
Spencer Ogden,1,25.0,Consultant
Spilberg,1,22.0,Other
Spilberg IT Dev Careers,1,29.0,Consultant
Agro Pitangueira,1,18.0,Other
Spinomenal,1,27.0,HR
Agência FG,1,8.0,Other
Spread Tecnologia,1,42.0,Other
SprintHub,1,12.0,Other
Squaredev,1,35.0,Data Scientist
St. Vrienden voor Nicaragua,1,12.0,Other
Agência LK,1,20.0,Data Analyst
Stadt Essen,1,12.0,Other
Stadt Lünen,1,12.0,Other
Ajuntament de Palma,1,12.0,Other
Stafffinders,1,27.0,Consultant
Stalse,1,20.0,Data Analyst
Standard Chartered,1,11.0,Other
Starian,1,24.0,HR
Stark Medien GmbH,1,12.0,Other
Statista,1,23.0,Other
StepWise,1,27.0,HR
Stolt-Nielsen,1,30.0,Data Scientist
Strata Community Insurance,1,30.0,Product
Strategy Institute,1,27.0,Project / Program Manager
Stratum Group,1,28.0,Consultant
AkzoNobel,1,18.0,Other
Aldeas Infantiles SOS Bolivia,1,18.0,Other
Studio Lyra,1,18.0,Other
Studio7,1,26.0,Other
StyleSeat,1,29.0,Data Engineer
Stückle-Druck,1,12.0,Other
Alexander Thamm [at],1,12.0,Other
Suma Soft Pvt Ltd,1,19.0,Software Engineer
Sunndex,1,24.0,Data Analyst
Suominen Corporation,1,31.0,HR
Superhuman,1,30.0,Data Engineer
Support Farma,1,15.0,Consultant
Sutherland,1,14.0,Other
Swap,1,27.0,Product
Sweetpad,1,12.0,Other
Swiftly,1,24.0,HR
Swiss Post,1,18.0,Other
SwitchUp,1,20.0,Other
SymBio,1,19.0,Consultant
Sympla,1,31.0,HR
Syneos Health via AMS,1,20.0,Other
AlfaPeople,1,17.0,Project / Program Manager
Syone,1,22.0,Other
Alga,1,31.0,Product
SysMap Solutions,1,30.0,Data Engineer
SysPay,1,25.0,Other
TALBOOST LTD,1,20.0,Other
TALENTIZE Pro Result,1,19.0,Consultant
TBG | The Bachrach Group,1,18.0,Other
TD Business,1,27.0,HR
TD SYNNEX Multi-Country Area (Español),1,27.0,HR
TECLA,1,15.0,Other
Algar,1,23.0,Other
TEMAK S.A,1,31.0,HR
TEN - Torres Eólicas do Nordeste,1,18.0,Other
TEN Information Management GmbH,1,12.0,Other
TH Gestão e Pessoas,1,8.0,Other
THACO Group,1,25.0,Other
THRYVE,1,13.0,Other
TITANS CZ,1,20.0,Other
TK Chauffeur-und Fahrservice GmbH,1,12.0,Other
TLTD HR,1,21.0,HR
TMLabs,1,16.0,Other
TOPSTEP GmbH,1,25.0,Other
TORTORICI & PARTNERS,1,31.0,Other
Algar Telecom,1,33.0,Data Engineer
TREND-IT,1,12.0,Other
TRIXXO Nederland,1,12.0,Other
TTB Board,1,12.0,Other
Tabby,1,18.0,Other
Tachyonix,1,18.0,Other
Taco Bell,1,9.0,Other
Algo,1,21.0,HR
TakenJobs,1,12.0,Other
Talan Americas,1,12.0,Other
Algoworks,1,12.0,Other
Talent Match- Firma de Reclutamiento y selección,1,22.0,Consultant
Talent Nova,1,22.0,Consultant
Talent Portus,1,22.0,Other
Talent Works RH,1,8.0,Other
Talentedge Ltd,1,18.0,Other
Talentfluss,1,15.0,Other
Talentful,1,15.0,Other
Talentia,1,25.0,Other
Alianzo,1,17.0,HR
Talently,1,15.0,Other
Talento,1,37.0,HR
Talento Humano Empresarial . Independent Professional,1,15.0,Other
Talentschuppen,1,12.0,Other
Aliare,1,12.0,Other
"Tanisha Systems, Inc",1,15.0,Other
Tanta University,1,12.0,Other
Tarco Aviation,1,11.0,Other
Tarento Group,1,27.0,Product
Target Recrutamento e Seleção,1,12.0,Other
Alimentos Bloxom,1,28.0,HR
Tasken,1,15.0,Other
Alium,1,27.0,Consultant
Teachable,1,35.0,Data Engineer
Team 1001,1,12.0,Other
Tecla,1,18.0,Other
Tecnocomp Tecnologia e Serviços,1,12.0,Other
Tek Leaders Inc,1,11.0,Other
Tekgence Inc,1,20.0,Other
Telasist,1,29.0,Other
Telefónica,1,34.0,Machine Learning / AI
Teleios Recruitment Ltd,1,15.0,Other
AlixPartners,1,30.0,Data Scientist
Telespazio,1,12.0,Other
Tempton,1,12.0,Other
Tenaska,1,21.0,HR
Allgemeine Rentenanstalt Pensionskasse,1,12.0,Other
Alliant Insurance Services,1,8.0,Other
Texas McCombs School of Business,1,35.0,Other
Texas Psychiatry Group,1,30.0,Machine Learning / AI
Texfyt | Nonwoven,1,31.0,HR
The Citco Group Limited,1,22.0,Other
The Cross-Cultural Community Services Association (TCCSA),1,19.0,Software Engineer
The Dream School,1,19.0,Consultant
Allo Bank,1,24.0,Data Scientist
The Lubrizol Corporation,1,20.0,Data Analyst
The Maxol Group,1,24.0,Data Analyst
The Next Moove,1,19.0,Consultant
The PAC Group,1,7.0,Other
The Parts Authority,1,15.0,Other
The Play LA,1,18.0,Other
The School Of Conscious Leadership,1,30.0,Consultant
The Talent Care,1,15.0,Other
The University of Göttingen,1,12.0,Other
The University of Hong Kong,1,12.0,Other
The University of Manchester,1,12.0,Other
Think IT,1,25.0,Other
Thommes & Kollegen - Architekten und Ingenieur PartGmbB,1,12.0,Other
Tibber,1,23.0,Other
TicMobile Empresas - Distribuidor Orange,1,31.0,HR
Tiendamia,1,25.0,Other
Tiger Resourcing Group,1,19.0,Consultant
Tigo Bolivia,1,25.0,Consultant
AlmapBBDO,1,28.0,Other
Tikiwe® - Taschen aus Kork,1,12.0,Other
Tilburg University,1,12.0,Other
Aloft Hotels,1,43.0,HR
Times Idiomas Trianon Masp,1,30.0,Project / Program Manager
Timing,1,12.0,Other
Tintschl Unternehmensgruppe,1,25.0,Consultant
Tismart,1,27.0,HR
Tivita,1,15.0,Other
To Do Green,1,12.0,Other
Toledo Prudente Centro Universitário,1,12.0,Other
Tontine Trust,1,23.0,Product
Top Management,1,22.0,Consultant
Toradex,1,8.0,Other
Torfresma,1,15.0,Other
Toss Bank(토스뱅크),1,15.0,Other
Total Atacado,1,12.0,Other
Toteat,1,31.0,Other
Trade Republic,1,24.0,Operations
Trading 212,1,18.0,Other
TraffHub,1,16.0,Other
Trafigura,1,34.0,HR
Transbacini,1,12.0,Other
Transcodezy IT Solutions Pvt. Ltd,1,28.0,Other
Transportes Cavalinho,1,12.0,Other
Travel Designer Group,1,25.0,Other
Tredence Inc,1,39.0,Other
Trend People,1,12.0,Other
Trendyol Group,1,29.0,Other
Tribanco,1,24.0,Data Analyst
Alpargatas S.A,1,11.0,Other
Trillion Health and Hormone,1,32.0,HR
Trimble Inc,1,19.0,Consultant
TripleTen,1,23.0,Other
Troocoo,1,19.0,Consultant
Trupropel,1,37.0,HR
TrustYou,1,20.0,Other
Truviq Systems,1,21.0,Other
TryHackMe,1,23.0,Product
Tu Terapia,1,8.0,Other
Turn2C Consórcio Inteligente,1,11.0,Other
Téo Me Why,1,12.0,Other
"UNESP - Universidade Estadual Paulista ""Júlio de Mesquita Filho""",1,12.0,Other
UNI7 - Centro Universitário 7 de Setembro,1,12.0,Other
UNITED MACHINING,1,32.0,HR
UPA 24H - Unidade de Pronto Atendimento,1,12.0,Other
UPS Capital®,1,25.0,Other
UX Quest,1,15.0,Other
"Ubiminds: You, International",1,29.0,Software Engineer
Ufes - Universidade Federal do Espírito Santo,1,8.0,Other
Ultra,1,22.0,Other
Umbilical Advanced,1,22.0,Consultant
Alpha Only KLG,1,12.0,Other
Under Labz,1,14.0,Other
Unholster,1,24.0,HR
Unichristus,1,8.0,Other
Unijorge,1,12.0,Other
Unilever,1,12.0,Other
Unimad,1,23.0,Other
Uniper,1,27.0,Data Engineer
Unit,1,8.0,Other
Unite Talent,1,12.0,Other
Unity,1,30.0,Project / Program Manager
Universidad Católica del Uruguay,1,43.0,Other
Universidad de 'San Andrés',1,17.0,Data Analyst
Universidad del Alba,1,15.0,Other
Universidade CIMATEC,1,8.0,Other
Universidade Federal do Rio Grande do Sul,1,12.0,Other
Universidade Presbiteriana Mackenzie,1,12.0,Other
Universidade Tecnológica Federal do Paraná,1,15.0,Other
Universidade do Vale do Rio dos Sinos,1,33.0,Machine Learning / AI
Universitas Negeri Makassar,1,8.0,Other
Universitat Carlemany,1,12.0,Other
University of Brighton,1,12.0,Other
University of Denver - Daniels College of Business,1,22.0,Data Analyst
University of Luxembourg,1,12.0,Other
Upshifters,1,27.0,HR
Upstart 13,1,33.0,Data Engineer
Uptick,1,12.0,Other
Urca Angels,1,12.0,Other
Uscreen,1,20.0,Data Analyst
V17 Recruitment,1,19.0,Consultant
VARTEQ Inc,1,33.0,Data Engineer
VBSO Advogados,1,27.0,HR
VENTURIA LEGAL,1,24.0,Other
VERO ENGENHARIA DE RISCO E CONSULTORES ASSOCIADOS,1,15.0,Consultant
VExpenses,1,15.0,Other
VFX Financial,1,20.0,Other
VINCI Energies,1,31.0,Other
VIZINTEL,1,19.0,BI Analyst
VMK Holding,1,12.0,Other
VR Bank Schleswig-Holstein Mitte,1,12.0,Other
Valcon,1,21.0,HR
Valense,1,21.0,Other
Valid,1,15.0,Other
Valor Real Empreendimentos,1,8.0,Other
Value2Biz,1,34.0,Other
AlphaLit,1,29.0,Data Scientist
Van Hyde International,1,37.0,Data Analyst
Van den Oudenrijn B.V,1,12.0,Other
VanesaRinaudo.HR,1,22.0,Consultant
Vanessa Castilho,1,19.0,Consultant
Vanvi construções complexo BYD,1,8.0,Other
Various Companies,1,22.0,Other
Veho,1,12.0,Other
Veloe,1,27.0,Data Engineer
AlphaSkill,1,25.0,Consultant
Ventura TRAVEL,1,27.0,Data Engineer
Venture People,1,25.0,Consultant
Verena Laumayer,1,12.0,Other
Altus Engineering,1,28.0,Other
VeriiPro,1,28.0,Other
Verisure,1,21.0,HR
Alume,1,13.0,Operations
Vertex Agility Ltd,1,19.0,Consultant
Vertical Falls LLC,1,23.0,Other
Alvoar Lácteos,1,22.0,Other
Amdocs,1,21.0,Other
Viaflow - Talentos & Tecnologia,1,28.0,HR
"Viaflow | Work Smarter, Not Harder",1,12.0,Other
Vialaser Depilação,1,12.0,Other
Viamafia Fitness,1,22.0,Other
Amenitiz,1,28.0,Product
VinDynamics,1,34.0,HR
Viridien,1,26.0,Other
Virtual Minds,1,20.0,Other
American Red Cross,1,23.0,Product
Visible,1,15.0,Other
Visure Solutions,1,34.0,HR
Vitoria - Recursos Humanos,1,34.0,HR
Viva Republica (Toss),1,18.0,Other
Viventium,1,37.0,HR
Volis,1,31.0,Product
Voltic Inc,1,27.0,HR
Voluble Systems LLC,1,41.0,Other
Amherst,1,21.0,Other
Vorbrix,1,20.0,Other
Vp GmbH,1,32.0,HR
W3haus,1,12.0,Other
WAGNER LIVING,1,12.0,Other
Amicar,1,24.0,HR
WEBJUMP,1,8.0,Other
WEINIG HOLZ-HER Australia,1,18.0,Other
WIANCO OTT Robotics GmbH,1,23.0,Other
WK Personalberatung GmbH,1,12.0,Other
WM Gruppe,1,15.0,Other
WTime Business Intelligence,1,21.0,HR
WV Eventos LTDA,1,12.0,Other
Wallpaper & Carpets Distributors (M) Sdn Bhd,1,31.0,HR
Walmart de México y Centroamérica,1,26.0,Other
Warren Investimentos,1,8.0,Other
Wazo International,1,22.0,Other
We Are Fiber,1,26.0,Other
We Are Pipol,1,27.0,HR
Amigo Cuida,1,8.0,Other
Weber Ambiental,1,8.0,Other
Webmotors,1,21.0,HR
WelHome,1,24.0,Data Scientist
Well Human Resources,1,24.0,HR
Amil,1,8.0,Other
Wellz by Wellhub,1,15.0,Other
Wenger & Watson Inc,1,19.0,Consultant
Werving op Maat,1,25.0,Consultant
Westcoaching,1,12.0,Other
Wheel the World,1,35.0,HR
WiiGroup,1,24.0,Data Analyst
Will be announced soon,1,12.0,Other
Wilson Sons,1,8.0,Other
Wird,1,15.0,Other
WirtschaftsTreuhand GmbH,1,31.0,HR
Wizards of the Coast,1,31.0,Consultant
Wizdaa,1,22.0,Other
Wonga,1,12.0,Other
Workana,1,19.0,Consultant
Workstream,1,15.0,Other
Woxer,1,23.0,Other
X-Team,1,27.0,Product
XRAYS TRADING,1,12.0,Other
XSITE Segurança da Informação,1,18.0,Other
Xcellent Talents,1,12.0,Other
Xebia,1,33.0,Data Engineer
Xinfotec.llc,1,22.0,Other
Xinova Group,1,25.0,Consultant
Xpantion,1,24.0,HR
Xperiun,1,38.0,BI Analyst
XpertScout GmbH,1,25.0,Consultant
YDUQS,1,27.0,Data Engineer
YHA Australia,1,25.0,Other
Yahoo,1,12.0,Other
Yalla Car - Aluguel de Carros,1,24.0,HR
Yaman,1,22.0,Other
Yandeh,1,27.0,Data Engineer
Yara International,1,34.0,HR
Yazaki Uruguay SA,1,50.0,Other
Yochana IT Solutions INC,1,25.0,Other
Young Talents GmbH,1,19.0,Consultant
ZEISS Group,1,22.0,Other
ZEROGATE,1,18.0,Other
ZF Group,1,15.0,Other
"Zafer Taahhüt, İnşaat ve Tic. A.Ş",1,30.0,HR
ZapSign,1,21.0,Other
Zappts,1,12.0,Other
Zazmic Inc,1,24.0,HR
Zenika,1,29.0,Other
Zenklub,1,12.0,Other
Zensy,1,31.0,Other
Zeta Dados,1,25.0,Other
ZeuZ,1,37.0,HR
Zixbe,1,19.0,Other
Zortify,1,25.0,Other
Zubale,1,13.0,Other
abtis,1,25.0,Consultant
addendum Pro,1,24.0,Operations
adorsys,1,27.0,Data Engineer
alt.bank,1,27.0,HR
Amoreza,1,20.0,Other
ambass GmbH,1,22.0,Other
apoprojekt,1,22.0,Other
Amorix Alimentos,1,24.0,HR
astara,1,26.0,Other
atelier TILIJA,1,23.0,Other
bSide,1,12.0,Other
backlgrs,1,12.0,Other
Amplitude Recursos Humanos,1,21.0,HR
barrahache,1,19.0,Consultant
beAnalytic,1,12.0,Other
beFesti,1,12.0,Other
beecrowd,1,19.0,Other
bet365,1,13.0,Other
capacura,1,13.0,Other
change,1,41.0,Other
chargeIQ,1,22.0,Other
chreative,1,19.0,Consultant
connexta,1,12.0,Other
conrizon AG,1,25.0,Other
consolut,1,12.0,Other
contagi,1,18.0,Other
coretress GmbH,1,12.0,Other
cuBec,1,12.0,Other
dLocal,1,8.0,Other
delaware International,1,22.0,Other
develop,1,22.0,Consultant
dhauz,1,35.0,Data Engineer
dnata,1,20.0,HR
doc9,1,25.0,Product
dr. Fuchs Personalberatung,1,31.0,Other
e-Core,1,18.0,Other
e-Safer,1,12.0,Other
eCademy GmbH,1,25.0,Other
eMentor.br,1,12.0,Other
eleQtron GmbH,1,22.0,HR
Analítica Soluções Inovadoras,1,25.0,Consultant
emnify,1,35.0,Data Engineer
Anhanguera Educacional,1,8.0,Other
epostbox,1,19.0,Consultant
estudante,1,19.0,Software Engineer
expertum Gruppe,1,19.0,Consultant
finbyte,1,21.0,HR
five5in GmbH,1,18.0,Other
freiberuflich tätig,1,44.0,Consultant
fundcraft,1,32.0,HR
gemineers GmbH,1,15.0,Software Engineer
gente seguradora,1,22.0,Other
go2Win,1,17.0,HR
hamrah mobin maham arvand,1,24.0,Data Scientist
Apex Global Mobility,1,16.0,Other
hyrUP GmbH,1,19.0,Consultant
i-Link Solutions/State of MA,1,35.0,Data Engineer
i9edu,1,27.0,Data Engineer
iBoost Talent Raleigh South,1,22.0,Other
iCube - Direction informatique Castel,1,22.0,Other
iUNGO,1,17.0,HR
ieTeam Consultores,1,19.0,Consultant
Apex Resources Ltd,1,19.0,Consultant
inVentiv,1,12.0,Other
inovex GmbH,1,18.0,Other
interpool,1,25.0,Consultant
isolutions AG,1,20.0,Other
itscout365,1,12.0,Other
knowmad mood,1,19.0,Consultant
mSupply,1,18.0,Other
malomatia,1,25.0,Consultant
marco,1,24.0,HR
카카오픽코마 (kakaopiccoma),1,34.0,HR
tecmentor,1,46.0,Consultant
toom Baumarkt,1,12.0,Other
tweeaconnect,1,15.0,Other
uBreakiFix,1,12.0,Other
univativ GmbH,1,25.0,Consultant
valantic,1,25.0,Other
virtual7 GmbH,1,21.0,Other
wehandle,1,33.0,Data Engineer
yellow.rec,1,28.0,Other
®CS Global IT ☁,1,43.0,Data Engineer
Позаштатний,1,19.0,Consultant
Самозайнятий,1,11.0,Other
شركة عالم النظم والبرامج,1,18.0,Other
金风科技,1,8.0,Other
(GSH) Grupo Soluciones Horizonte,1,28.0,Consultant
&V Recruitment,1,15.0,Other
+A Educação,1,22.0,Other
10Pearls,1,25.0,Other
1950Labs,1,30.0,Operations
1GLOBAL,1,22.0,HR
200DEV,1,8.0,Other
2a Vara civil do Foro da Comarca de Canela,1,18.0,Other
2hearts,1,12.0,Other
4zOOm - Business Solution,1,20.0,Other
500 Designs,1,18.0,Other
7-Eleven,1,27.0,Data Engineer
@Hyatt Dreams Madeira Resort Spa & Marina,1,12.0,Other
AppNation,1,24.0,HR
A.C.Camargo Cancer Center,1,12.0,Other
A.P. Moller - Maersk,1,12.0,Other
AA Euro Group,1,19.0,Consultant
